indicateur;territoire;periode;mesure;valeur;unite;source;millesime
EMP01;ZE-AMIENS;2020-T4;valeur;9.1;%;INSEE;2026-10-02
EMP01;ZE-AMIENS;2021-T1;valeur;9.3;%;INSEE;2026-10-02
EMP01;ZE-AMIENS;2021-T2;valeur;9.3;%;INSEE;2026-10-02
EMP01;ZE-AMIENS;2021-T3;valeur;9.6;%;INSEE;2026-10-02
EMP01;ZE-AMIENS;2021-T4;valeur;8.9;%;INSEE;2026-10-02
EMP01;ZE-AMIENS;2022-T1;valeur;8.8;%;INSEE;2026-10-02
EMP01;ZE-AMIENS;2022-T2;valeur;9.2;%;INSEE;2026-10-02
EMP01;ZE-AMIENS;2022-T3;valeur;8.9;%;INSEE;2026-10-02
EMP01;ZE-AMIENS;2022-T4;valeur;8.8;%;INSEE;2026-10-02
EMP01;ZE-AMIENS;2023-T1;valeur;8.7;%;INSEE;2026-10-02
EMP01;ZE-AMIENS;2023-T2;valeur;8.9;%;INSEE;2026-10-02
EMP01;ZE-AMIENS;2023-T3;valeur;9.1;%;INSEE;2026-10-02
EMP01;ZE-AMIENS;2023-T4;valeur;9.1;%;INSEE;2026-10-02
EMP01;ZE-AMIENS;2024-T1;valeur;9.0;%;INSEE;2026-10-02
EMP01;ZE-AMIENS;2024-T2;valeur;8.7;%;INSEE;2026-10-02
EMP01;ZE-AMIENS;2024-T3;valeur;8.7;%;INSEE;2026-10-02
EMP01;ZE-AMIENS;2024-T4;valeur;8.3;%;INSEE;2026-10-02
EMP01;ZE-AMIENS;2025-T1;valeur;8.6;%;INSEE;2026-10-02
EMP01;ZE-AMIENS;2025-T2;valeur;8.7;%;INSEE;2026-10-02
EMP01;ZE-AMIENS;2025-T3;valeur;8.9;%;INSEE;2026-10-02
EMP01;ZE-AMIENS;2025-T4;valeur;9.2;%;INSEE;2026-10-02
EMP01;ZE-AMIENS;2026-T1;valeur;9.3;%;INSEE;2026-10-02
EMP01;ZE-AMIENS;2026-T2;valeur;9.4;%;INSEE;2026-10-02
EMP01;ZE5202;2020-T4;valeur;8.2;%;INSEE;2026-10-02
EMP01;ZE5202;2021-T1;valeur;8.3;%;INSEE;2026-10-02
EMP01;ZE5202;2021-T2;valeur;8.1;%;INSEE;2026-10-02
EMP01;ZE5202;2021-T3;valeur;8.0;%;INSEE;2026-10-02
EMP01;ZE5202;2021-T4;valeur;7.5;%;INSEE;2026-10-02
EMP01;ZE5202;2022-T1;valeur;7.3;%;INSEE;2026-10-02
EMP01;ZE5202;2022-T2;valeur;7.5;%;INSEE;2026-10-02
EMP01;ZE5202;2022-T3;valeur;7.4;%;INSEE;2026-10-02
EMP01;ZE5202;2022-T4;valeur;7.1;%;INSEE;2026-10-02
EMP01;ZE5202;2023-T1;valeur;6.8;%;INSEE;2026-10-02
EMP01;ZE5202;2023-T2;valeur;7.0;%;INSEE;2026-10-02
EMP01;ZE5202;2023-T3;valeur;7.1;%;INSEE;2026-10-02
EMP01;ZE5202;2023-T4;valeur;7.2;%;INSEE;2026-10-02
EMP01;ZE5202;2024-T1;valeur;7.1;%;INSEE;2026-10-02
EMP01;ZE5202;2024-T2;valeur;7.0;%;INSEE;2026-10-02
EMP01;ZE5202;2024-T3;valeur;7.1;%;INSEE;2026-10-02
EMP01;ZE5202;2024-T4;valeur;6.9;%;INSEE;2026-10-02
EMP01;ZE5202;2025-T1;valeur;7.2;%;INSEE;2026-10-02
EMP01;ZE5202;2025-T2;valeur;7.3;%;INSEE;2026-10-02
EMP01;ZE5202;2025-T3;valeur;7.5;%;INSEE;2026-10-02
EMP01;ZE5202;2025-T4;valeur;7.9;%;INSEE;2026-10-02
EMP01;ZE5202;2026-T1;valeur;8.0;%;INSEE;2026-10-02
EMP01;ZE5202;2026-T2;valeur;8.1;%;INSEE;2026-10-02
EMP01;ZE-BORDEAUX;2020-T4;valeur;7.6;%;INSEE;2026-10-02
EMP01;ZE-BORDEAUX;2021-T1;valeur;7.6;%;INSEE;2026-10-02
EMP01;ZE-BORDEAUX;2021-T2;valeur;7.3;%;INSEE;2026-10-02
EMP01;ZE-BORDEAUX;2021-T3;valeur;7.3;%;INSEE;2026-10-02
EMP01;ZE-BORDEAUX;2021-T4;valeur;6.8;%;INSEE;2026-10-02
EMP01;ZE-BORDEAUX;2022-T1;valeur;6.6;%;INSEE;2026-10-02
EMP01;ZE-BORDEAUX;2022-T2;valeur;6.6;%;INSEE;2026-10-02
EMP01;ZE-BORDEAUX;2022-T3;valeur;6.5;%;INSEE;2026-10-02
EMP01;ZE-BORDEAUX;2022-T4;valeur;6.3;%;INSEE;2026-10-02
EMP01;ZE-BORDEAUX;2023-T1;valeur;6.1;%;INSEE;2026-10-02
EMP01;ZE-BORDEAUX;2023-T2;valeur;6.3;%;INSEE;2026-10-02
EMP01;ZE-BORDEAUX;2023-T3;valeur;6.5;%;INSEE;2026-10-02
EMP01;ZE-BORDEAUX;2023-T4;valeur;6.7;%;INSEE;2026-10-02
EMP01;ZE-BORDEAUX;2024-T1;valeur;6.7;%;INSEE;2026-10-02
EMP01;ZE-BORDEAUX;2024-T2;valeur;6.7;%;INSEE;2026-10-02
EMP01;ZE-BORDEAUX;2024-T3;valeur;6.8;%;INSEE;2026-10-02
EMP01;ZE-BORDEAUX;2024-T4;valeur;6.7;%;INSEE;2026-10-02
EMP01;ZE-BORDEAUX;2025-T1;valeur;7.0;%;INSEE;2026-10-02
EMP01;ZE-BORDEAUX;2025-T2;valeur;7.2;%;INSEE;2026-10-02
EMP01;ZE-BORDEAUX;2025-T3;valeur;7.4;%;INSEE;2026-10-02
EMP01;ZE-BORDEAUX;2025-T4;valeur;7.7;%;INSEE;2026-10-02
EMP01;ZE-BORDEAUX;2026-T1;valeur;7.8;%;INSEE;2026-10-02
EMP01;ZE-BORDEAUX;2026-T2;valeur;8.0;%;INSEE;2026-10-02
EMP01;ZE-BREST;2020-T4;valeur;6.7;%;INSEE;2026-10-02
EMP01;ZE-BREST;2021-T1;valeur;6.9;%;INSEE;2026-10-02
EMP01;ZE-BREST;2021-T2;valeur;6.8;%;INSEE;2026-10-02
EMP01;ZE-BREST;2021-T3;valeur;6.7;%;INSEE;2026-10-02
EMP01;ZE-BREST;2021-T4;valeur;6.2;%;INSEE;2026-10-02
EMP01;ZE-BREST;2022-T1;valeur;6.0;%;INSEE;2026-10-02
EMP01;ZE-BREST;2022-T2;valeur;6.0;%;INSEE;2026-10-02
EMP01;ZE-BREST;2022-T3;valeur;6.0;%;INSEE;2026-10-02
EMP01;ZE-BREST;2022-T4;valeur;5.9;%;INSEE;2026-10-02
EMP01;ZE-BREST;2023-T1;valeur;5.9;%;INSEE;2026-10-02
EMP01;ZE-BREST;2023-T2;valeur;6.1;%;INSEE;2026-10-02
EMP01;ZE-BREST;2023-T3;valeur;6.3;%;INSEE;2026-10-02
EMP01;ZE-BREST;2023-T4;valeur;6.3;%;INSEE;2026-10-02
EMP01;ZE-BREST;2024-T1;valeur;6.2;%;INSEE;2026-10-02
EMP01;ZE-BREST;2024-T2;valeur;6.1;%;INSEE;2026-10-02
EMP01;ZE-BREST;2024-T3;valeur;6.2;%;INSEE;2026-10-02
EMP01;ZE-BREST;2024-T4;valeur;6.0;%;INSEE;2026-10-02
EMP01;ZE-BREST;2025-T1;valeur;6.2;%;INSEE;2026-10-02
EMP01;ZE-BREST;2025-T2;valeur;6.3;%;INSEE;2026-10-02
EMP01;ZE-BREST;2025-T3;valeur;6.6;%;INSEE;2026-10-02
EMP01;ZE-BREST;2025-T4;valeur;6.8;%;INSEE;2026-10-02
EMP01;ZE-BREST;2026-T1;valeur;7.0;%;INSEE;2026-10-02
EMP01;ZE-BREST;2026-T2;valeur;7.2;%;INSEE;2026-10-02
EMP01;ZE-CAEN;2020-T4;valeur;7.3;%;INSEE;2026-10-02
EMP01;ZE-CAEN;2021-T1;valeur;7.4;%;INSEE;2026-10-02
EMP01;ZE-CAEN;2021-T2;valeur;7.3;%;INSEE;2026-10-02
EMP01;ZE-CAEN;2021-T3;valeur;7.2;%;INSEE;2026-10-02
EMP01;ZE-CAEN;2021-T4;valeur;6.7;%;INSEE;2026-10-02
EMP01;ZE-CAEN;2022-T1;valeur;6.5;%;INSEE;2026-10-02
EMP01;ZE-CAEN;2022-T2;valeur;6.7;%;INSEE;2026-10-02
EMP01;ZE-CAEN;2022-T3;valeur;6.6;%;INSEE;2026-10-02
EMP01;ZE-CAEN;2022-T4;valeur;6.4;%;INSEE;2026-10-02
EMP01;ZE-CAEN;2023-T1;valeur;6.3;%;INSEE;2026-10-02
EMP01;ZE-CAEN;2023-T2;valeur;6.6;%;INSEE;2026-10-02
EMP01;ZE-CAEN;2023-T3;valeur;6.7;%;INSEE;2026-10-02
EMP01;ZE-CAEN;2023-T4;valeur;6.9;%;INSEE;2026-10-02
EMP01;ZE-CAEN;2024-T1;valeur;6.8;%;INSEE;2026-10-02
EMP01;ZE-CAEN;2024-T2;valeur;6.7;%;INSEE;2026-10-02
EMP01;ZE-CAEN;2024-T3;valeur;7.0;%;INSEE;2026-10-02
EMP01;ZE-CAEN;2024-T4;valeur;6.9;%;INSEE;2026-10-02
EMP01;ZE-CAEN;2025-T1;valeur;6.9;%;INSEE;2026-10-02
EMP01;ZE-CAEN;2025-T2;valeur;7.0;%;INSEE;2026-10-02
EMP01;ZE-CAEN;2025-T3;valeur;7.1;%;INSEE;2026-10-02
EMP01;ZE-CAEN;2025-T4;valeur;7.4;%;INSEE;2026-10-02
EMP01;ZE-CAEN;2026-T1;valeur;7.6;%;INSEE;2026-10-02
EMP01;ZE-CAEN;2026-T2;valeur;7.8;%;INSEE;2026-10-02
EMP01;ZE-CHOLET;2020-T4;valeur;5.4;%;INSEE;2026-10-02
EMP01;ZE-CHOLET;2021-T1;valeur;5.5;%;INSEE;2026-10-02
EMP01;ZE-CHOLET;2021-T2;valeur;5.1;%;INSEE;2026-10-02
EMP01;ZE-CHOLET;2021-T3;valeur;5.1;%;INSEE;2026-10-02
EMP01;ZE-CHOLET;2021-T4;valeur;4.8;%;INSEE;2026-10-02
EMP01;ZE-CHOLET;2022-T1;valeur;4.6;%;INSEE;2026-10-02
EMP01;ZE-CHOLET;2022-T2;valeur;4.9;%;INSEE;2026-10-02
EMP01;ZE-CHOLET;2022-T3;valeur;4.8;%;INSEE;2026-10-02
EMP01;ZE-CHOLET;2022-T4;valeur;4.7;%;INSEE;2026-10-02
EMP01;ZE-CHOLET;2023-T1;valeur;4.7;%;INSEE;2026-10-02
EMP01;ZE-CHOLET;2023-T2;valeur;4.7;%;INSEE;2026-10-02
EMP01;ZE-CHOLET;2023-T3;valeur;4.9;%;INSEE;2026-10-02
EMP01;ZE-CHOLET;2023-T4;valeur;4.9;%;INSEE;2026-10-02
EMP01;ZE-CHOLET;2024-T1;valeur;4.9;%;INSEE;2026-10-02
EMP01;ZE-CHOLET;2024-T2;valeur;4.9;%;INSEE;2026-10-02
EMP01;ZE-CHOLET;2024-T3;valeur;4.9;%;INSEE;2026-10-02
EMP01;ZE-CHOLET;2024-T4;valeur;5.0;%;INSEE;2026-10-02
EMP01;ZE-CHOLET;2025-T1;valeur;5.1;%;INSEE;2026-10-02
EMP01;ZE-CHOLET;2025-T2;valeur;5.2;%;INSEE;2026-10-02
EMP01;ZE-CHOLET;2025-T3;valeur;5.3;%;INSEE;2026-10-02
EMP01;ZE-CHOLET;2025-T4;valeur;5.6;%;INSEE;2026-10-02
EMP01;ZE-CHOLET;2026-T1;valeur;5.7;%;INSEE;2026-10-02
EMP01;ZE-CHOLET;2026-T2;valeur;5.9;%;INSEE;2026-10-02
EMP01;ZE-CLERMONT-FERRAND;2020-T4;valeur;7.0;%;INSEE;2026-10-02
EMP01;ZE-CLERMONT-FERRAND;2021-T1;valeur;7.1;%;INSEE;2026-10-02
EMP01;ZE-CLERMONT-FERRAND;2021-T2;valeur;7.0;%;INSEE;2026-10-02
EMP01;ZE-CLERMONT-FERRAND;2021-T3;valeur;6.8;%;INSEE;2026-10-02
EMP01;ZE-CLERMONT-FERRAND;2021-T4;valeur;6.4;%;INSEE;2026-10-02
EMP01;ZE-CLERMONT-FERRAND;2022-T1;valeur;6.3;%;INSEE;2026-10-02
EMP01;ZE-CLERMONT-FERRAND;2022-T2;valeur;6.4;%;INSEE;2026-10-02
EMP01;ZE-CLERMONT-FERRAND;2022-T3;valeur;6.3;%;INSEE;2026-10-02
EMP01;ZE-CLERMONT-FERRAND;2022-T4;valeur;6.1;%;INSEE;2026-10-02
EMP01;ZE-CLERMONT-FERRAND;2023-T1;valeur;6.1;%;INSEE;2026-10-02
EMP01;ZE-CLERMONT-FERRAND;2023-T2;valeur;6.3;%;INSEE;2026-10-02
EMP01;ZE-CLERMONT-FERRAND;2023-T3;valeur;6.5;%;INSEE;2026-10-02
EMP01;ZE-CLERMONT-FERRAND;2023-T4;valeur;6.6;%;INSEE;2026-10-02
EMP01;ZE-CLERMONT-FERRAND;2024-T1;valeur;6.5;%;INSEE;2026-10-02
EMP01;ZE-CLERMONT-FERRAND;2024-T2;valeur;6.4;%;INSEE;2026-10-02
EMP01;ZE-CLERMONT-FERRAND;2024-T3;valeur;6.5;%;INSEE;2026-10-02
EMP01;ZE-CLERMONT-FERRAND;2024-T4;valeur;6.4;%;INSEE;2026-10-02
EMP01;ZE-CLERMONT-FERRAND;2025-T1;valeur;6.5;%;INSEE;2026-10-02
EMP01;ZE-CLERMONT-FERRAND;2025-T2;valeur;6.7;%;INSEE;2026-10-02
EMP01;ZE-CLERMONT-FERRAND;2025-T3;valeur;6.9;%;INSEE;2026-10-02
EMP01;ZE-CLERMONT-FERRAND;2025-T4;valeur;7.1;%;INSEE;2026-10-02
EMP01;ZE-CLERMONT-FERRAND;2026-T1;valeur;7.3;%;INSEE;2026-10-02
EMP01;ZE-CLERMONT-FERRAND;2026-T2;valeur;7.4;%;INSEE;2026-10-02
EMP01;ZE-DIJON;2020-T4;valeur;6.4;%;INSEE;2026-10-02
EMP01;ZE-DIJON;2021-T1;valeur;6.5;%;INSEE;2026-10-02
EMP01;ZE-DIJON;2021-T2;valeur;6.4;%;INSEE;2026-10-02
EMP01;ZE-DIJON;2021-T3;valeur;6.3;%;INSEE;2026-10-02
EMP01;ZE-DIJON;2021-T4;valeur;5.9;%;INSEE;2026-10-02
EMP01;ZE-DIJON;2022-T1;valeur;5.8;%;INSEE;2026-10-02
EMP01;ZE-DIJON;2022-T2;valeur;6.0;%;INSEE;2026-10-02
EMP01;ZE-DIJON;2022-T3;valeur;6.0;%;INSEE;2026-10-02
EMP01;ZE-DIJON;2022-T4;valeur;5.9;%;INSEE;2026-10-02
EMP01;ZE-DIJON;2023-T1;valeur;5.8;%;INSEE;2026-10-02
EMP01;ZE-DIJON;2023-T2;valeur;6.0;%;INSEE;2026-10-02
EMP01;ZE-DIJON;2023-T3;valeur;6.1;%;INSEE;2026-10-02
EMP01;ZE-DIJON;2023-T4;valeur;6.2;%;INSEE;2026-10-02
EMP01;ZE-DIJON;2024-T1;valeur;6.2;%;INSEE;2026-10-02
EMP01;ZE-DIJON;2024-T2;valeur;6.1;%;INSEE;2026-10-02
EMP01;ZE-DIJON;2024-T3;valeur;6.2;%;INSEE;2026-10-02
EMP01;ZE-DIJON;2024-T4;valeur;6.1;%;INSEE;2026-10-02
EMP01;ZE-DIJON;2025-T1;valeur;6.2;%;INSEE;2026-10-02
EMP01;ZE-DIJON;2025-T2;valeur;6.3;%;INSEE;2026-10-02
EMP01;ZE-DIJON;2025-T3;valeur;6.4;%;INSEE;2026-10-02
EMP01;ZE-DIJON;2025-T4;valeur;6.7;%;INSEE;2026-10-02
EMP01;ZE-DIJON;2026-T1;valeur;6.8;%;INSEE;2026-10-02
EMP01;ZE-DIJON;2026-T2;valeur;7.0;%;INSEE;2026-10-02
EMP01;FR;2020-T4;valeur;7.8;%;INSEE;2026-10-02
EMP01;FR;2021-T1;valeur;7.8;%;INSEE;2026-10-02
EMP01;FR;2021-T2;valeur;7.8;%;INSEE;2026-10-02
EMP01;FR;2021-T3;valeur;7.9;%;INSEE;2026-10-02
EMP01;FR;2021-T4;valeur;7.2;%;INSEE;2026-10-02
EMP01;FR;2022-T1;valeur;7.1;%;INSEE;2026-10-02
EMP01;FR;2022-T2;valeur;7.2;%;INSEE;2026-10-02
EMP01;FR;2022-T3;valeur;7.1;%;INSEE;2026-10-02
EMP01;FR;2022-T4;valeur;7.0;%;INSEE;2026-10-02
EMP01;FR;2023-T1;valeur;6.9;%;INSEE;2026-10-02
EMP01;FR;2023-T2;valeur;6.9;%;INSEE;2026-10-02
EMP01;FR;2023-T3;valeur;7.2;%;INSEE;2026-10-02
EMP01;FR;2023-T4;valeur;7.3;%;INSEE;2026-10-02
EMP01;FR;2024-T1;valeur;7.2;%;INSEE;2026-10-02
EMP01;FR;2024-T2;valeur;7.1;%;INSEE;2026-10-02
EMP01;FR;2024-T3;valeur;7.2;%;INSEE;2026-10-02
EMP01;FR;2024-T4;valeur;7.1;%;INSEE;2026-10-02
EMP01;FR;2025-T1;valeur;7.2;%;INSEE;2026-10-02
EMP01;FR;2025-T2;valeur;7.3;%;INSEE;2026-10-02
EMP01;FR;2025-T3;valeur;7.5;%;INSEE;2026-10-02
EMP01;FR;2025-T4;valeur;7.7;%;INSEE;2026-10-02
EMP01;FR;2026-T1;valeur;7.9;%;INSEE;2026-10-02
EMP01;FR;2026-T2;valeur;8.1;%;INSEE;2026-10-02
EMP01;ZE-GRENOBLE;2020-T4;valeur;6.8;%;INSEE;2026-10-02
EMP01;ZE-GRENOBLE;2021-T1;valeur;7.1;%;INSEE;2026-10-02
EMP01;ZE-GRENOBLE;2021-T2;valeur;6.8;%;INSEE;2026-10-02
EMP01;ZE-GRENOBLE;2021-T3;valeur;6.7;%;INSEE;2026-10-02
EMP01;ZE-GRENOBLE;2021-T4;valeur;6.4;%;INSEE;2026-10-02
EMP01;ZE-GRENOBLE;2022-T1;valeur;6.3;%;INSEE;2026-10-02
EMP01;ZE-GRENOBLE;2022-T2;valeur;6.2;%;INSEE;2026-10-02
EMP01;ZE-GRENOBLE;2022-T3;valeur;6.1;%;INSEE;2026-10-02
EMP01;ZE-GRENOBLE;2022-T4;valeur;5.9;%;INSEE;2026-10-02
EMP01;ZE-GRENOBLE;2023-T1;valeur;5.9;%;INSEE;2026-10-02
EMP01;ZE-GRENOBLE;2023-T2;valeur;5.9;%;INSEE;2026-10-02
EMP01;ZE-GRENOBLE;2023-T3;valeur;6.2;%;INSEE;2026-10-02
EMP01;ZE-GRENOBLE;2023-T4;valeur;6.3;%;INSEE;2026-10-02
EMP01;ZE-GRENOBLE;2024-T1;valeur;6.3;%;INSEE;2026-10-02
EMP01;ZE-GRENOBLE;2024-T2;valeur;6.2;%;INSEE;2026-10-02
EMP01;ZE-GRENOBLE;2024-T3;valeur;6.2;%;INSEE;2026-10-02
EMP01;ZE-GRENOBLE;2024-T4;valeur;6.2;%;INSEE;2026-10-02
EMP01;ZE-GRENOBLE;2025-T1;valeur;6.3;%;INSEE;2026-10-02
EMP01;ZE-GRENOBLE;2025-T2;valeur;6.4;%;INSEE;2026-10-02
EMP01;ZE-GRENOBLE;2025-T3;valeur;6.5;%;INSEE;2026-10-02
EMP01;ZE-GRENOBLE;2025-T4;valeur;6.8;%;INSEE;2026-10-02
EMP01;ZE-GRENOBLE;2026-T1;valeur;6.9;%;INSEE;2026-10-02
EMP01;ZE-GRENOBLE;2026-T2;valeur;7.0;%;INSEE;2026-10-02
EMP01;ZE-LA-ROCHE-SUR-YON;2020-T4;valeur;5.9;%;INSEE;2026-10-02
EMP01;ZE-LA-ROCHE-SUR-YON;2021-T1;valeur;5.9;%;INSEE;2026-10-02
EMP01;ZE-LA-ROCHE-SUR-YON;2021-T2;valeur;5.5;%;INSEE;2026-10-02
EMP01;ZE-LA-ROCHE-SUR-YON;2021-T3;valeur;5.5;%;INSEE;2026-10-02
EMP01;ZE-LA-ROCHE-SUR-YON;2021-T4;valeur;5.2;%;INSEE;2026-10-02
EMP01;ZE-LA-ROCHE-SUR-YON;2022-T1;valeur;5.0;%;INSEE;2026-10-02
EMP01;ZE-LA-ROCHE-SUR-YON;2022-T2;valeur;5.1;%;INSEE;2026-10-02
EMP01;ZE-LA-ROCHE-SUR-YON;2022-T3;valeur;5.1;%;INSEE;2026-10-02
EMP01;ZE-LA-ROCHE-SUR-YON;2022-T4;valeur;4.8;%;INSEE;2026-10-02
EMP01;ZE-LA-ROCHE-SUR-YON;2023-T1;valeur;4.8;%;INSEE;2026-10-02
EMP01;ZE-LA-ROCHE-SUR-YON;2023-T2;valeur;4.8;%;INSEE;2026-10-02
EMP01;ZE-LA-ROCHE-SUR-YON;2023-T3;valeur;5.0;%;INSEE;2026-10-02
EMP01;ZE-LA-ROCHE-SUR-YON;2023-T4;valeur;5.1;%;INSEE;2026-10-02
EMP01;ZE-LA-ROCHE-SUR-YON;2024-T1;valeur;5.2;%;INSEE;2026-10-02
EMP01;ZE-LA-ROCHE-SUR-YON;2024-T2;valeur;5.2;%;INSEE;2026-10-02
EMP01;ZE-LA-ROCHE-SUR-YON;2024-T3;valeur;5.3;%;INSEE;2026-10-02
EMP01;ZE-LA-ROCHE-SUR-YON;2024-T4;valeur;5.3;%;INSEE;2026-10-02
EMP01;ZE-LA-ROCHE-SUR-YON;2025-T1;valeur;5.4;%;INSEE;2026-10-02
EMP01;ZE-LA-ROCHE-SUR-YON;2025-T2;valeur;5.5;%;INSEE;2026-10-02
EMP01;ZE-LA-ROCHE-SUR-YON;2025-T3;valeur;5.6;%;INSEE;2026-10-02
EMP01;ZE-LA-ROCHE-SUR-YON;2025-T4;valeur;5.9;%;INSEE;2026-10-02
EMP01;ZE-LA-ROCHE-SUR-YON;2026-T1;valeur;6.0;%;INSEE;2026-10-02
EMP01;ZE-LA-ROCHE-SUR-YON;2026-T2;valeur;6.2;%;INSEE;2026-10-02
EMP01;ZE-LAVAL;2020-T4;valeur;5.5;%;INSEE;2026-10-02
EMP01;ZE-LAVAL;2021-T1;valeur;5.5;%;INSEE;2026-10-02
EMP01;ZE-LAVAL;2021-T2;valeur;5.2;%;INSEE;2026-10-02
EMP01;ZE-LAVAL;2021-T3;valeur;5.3;%;INSEE;2026-10-02
EMP01;ZE-LAVAL;2021-T4;valeur;4.9;%;INSEE;2026-10-02
EMP01;ZE-LAVAL;2022-T1;valeur;4.9;%;INSEE;2026-10-02
EMP01;ZE-LAVAL;2022-T2;valeur;5.1;%;INSEE;2026-10-02
EMP01;ZE-LAVAL;2022-T3;valeur;5.0;%;INSEE;2026-10-02
EMP01;ZE-LAVAL;2022-T4;valeur;4.8;%;INSEE;2026-10-02
EMP01;ZE-LAVAL;2023-T1;valeur;4.7;%;INSEE;2026-10-02
EMP01;ZE-LAVAL;2023-T2;valeur;4.8;%;INSEE;2026-10-02
EMP01;ZE-LAVAL;2023-T3;valeur;4.9;%;INSEE;2026-10-02
EMP01;ZE-LAVAL;2023-T4;valeur;5.0;%;INSEE;2026-10-02
EMP01;ZE-LAVAL;2024-T1;valeur;5.1;%;INSEE;2026-10-02
EMP01;ZE-LAVAL;2024-T2;valeur;5.2;%;INSEE;2026-10-02
EMP01;ZE-LAVAL;2024-T3;valeur;5.4;%;INSEE;2026-10-02
EMP01;ZE-LAVAL;2024-T4;valeur;5.3;%;INSEE;2026-10-02
EMP01;ZE-LAVAL;2025-T1;valeur;5.6;%;INSEE;2026-10-02
EMP01;ZE-LAVAL;2025-T2;valeur;5.7;%;INSEE;2026-10-02
EMP01;ZE-LAVAL;2025-T3;valeur;5.7;%;INSEE;2026-10-02
EMP01;ZE-LAVAL;2025-T4;valeur;6.0;%;INSEE;2026-10-02
EMP01;ZE-LAVAL;2026-T1;valeur;6.1;%;INSEE;2026-10-02
EMP01;ZE-LAVAL;2026-T2;valeur;6.2;%;INSEE;2026-10-02
EMP01;ZE-LE-MANS;2020-T4;valeur;8.3;%;INSEE;2026-10-02
EMP01;ZE-LE-MANS;2021-T1;valeur;8.4;%;INSEE;2026-10-02
EMP01;ZE-LE-MANS;2021-T2;valeur;8.4;%;INSEE;2026-10-02
EMP01;ZE-LE-MANS;2021-T3;valeur;8.3;%;INSEE;2026-10-02
EMP01;ZE-LE-MANS;2021-T4;valeur;7.7;%;INSEE;2026-10-02
EMP01;ZE-LE-MANS;2022-T1;valeur;7.6;%;INSEE;2026-10-02
EMP01;ZE-LE-MANS;2022-T2;valeur;7.9;%;INSEE;2026-10-02
EMP01;ZE-LE-MANS;2022-T3;valeur;7.6;%;INSEE;2026-10-02
EMP01;ZE-LE-MANS;2022-T4;valeur;7.3;%;INSEE;2026-10-02
EMP01;ZE-LE-MANS;2023-T1;valeur;7.2;%;INSEE;2026-10-02
EMP01;ZE-LE-MANS;2023-T2;valeur;7.4;%;INSEE;2026-10-02
EMP01;ZE-LE-MANS;2023-T3;valeur;7.6;%;INSEE;2026-10-02
EMP01;ZE-LE-MANS;2023-T4;valeur;7.8;%;INSEE;2026-10-02
EMP01;ZE-LE-MANS;2024-T1;valeur;7.8;%;INSEE;2026-10-02
EMP01;ZE-LE-MANS;2024-T2;valeur;7.7;%;INSEE;2026-10-02
EMP01;ZE-LE-MANS;2024-T3;valeur;7.9;%;INSEE;2026-10-02
EMP01;ZE-LE-MANS;2024-T4;valeur;7.6;%;INSEE;2026-10-02
EMP01;ZE-LE-MANS;2025-T1;valeur;7.9;%;INSEE;2026-10-02
EMP01;ZE-LE-MANS;2025-T2;valeur;7.9;%;INSEE;2026-10-02
EMP01;ZE-LE-MANS;2025-T3;valeur;8.2;%;INSEE;2026-10-02
EMP01;ZE-LE-MANS;2025-T4;valeur;8.4;%;INSEE;2026-10-02
EMP01;ZE-LE-MANS;2026-T1;valeur;8.5;%;INSEE;2026-10-02
EMP01;ZE-LE-MANS;2026-T2;valeur;8.7;%;INSEE;2026-10-02
EMP01;D49;2020-T4;valeur;7.2;%;INSEE;2026-10-02
EMP01;D49;2021-T1;valeur;7.2;%;INSEE;2026-10-02
EMP01;D49;2021-T2;valeur;7.1;%;INSEE;2026-10-02
EMP01;D49;2021-T3;valeur;7.2;%;INSEE;2026-10-02
EMP01;D49;2021-T4;valeur;6.4;%;INSEE;2026-10-02
EMP01;D49;2022-T1;valeur;6.3;%;INSEE;2026-10-02
EMP01;D49;2022-T2;valeur;6.5;%;INSEE;2026-10-02
EMP01;D49;2022-T3;valeur;6.6;%;INSEE;2026-10-02
EMP01;D49;2022-T4;valeur;6.4;%;INSEE;2026-10-02
EMP01;D49;2023-T1;valeur;6.1;%;INSEE;2026-10-02
EMP01;D49;2023-T2;valeur;6.2;%;INSEE;2026-10-02
EMP01;D49;2023-T3;valeur;6.3;%;INSEE;2026-10-02
EMP01;D49;2023-T4;valeur;6.4;%;INSEE;2026-10-02
EMP01;D49;2024-T1;valeur;6.4;%;INSEE;2026-10-02
EMP01;D49;2024-T2;valeur;6.3;%;INSEE;2026-10-02
EMP01;D49;2024-T3;valeur;6.4;%;INSEE;2026-10-02
EMP01;D49;2024-T4;valeur;6.3;%;INSEE;2026-10-02
EMP01;D49;2025-T1;valeur;6.4;%;INSEE;2026-10-02
EMP01;D49;2025-T2;valeur;6.6;%;INSEE;2026-10-02
EMP01;D49;2025-T3;valeur;6.7;%;INSEE;2026-10-02
EMP01;D49;2025-T4;valeur;7.1;%;INSEE;2026-10-02
EMP01;D49;2026-T1;valeur;7.2;%;INSEE;2026-10-02
EMP01;D49;2026-T2;valeur;7.3;%;INSEE;2026-10-02
EMP01;ZE-METZ;2020-T4;valeur;7.8;%;INSEE;2026-10-02
EMP01;ZE-METZ;2021-T1;valeur;8.0;%;INSEE;2026-10-02
EMP01;ZE-METZ;2021-T2;valeur;7.8;%;INSEE;2026-10-02
EMP01;ZE-METZ;2021-T3;valeur;7.9;%;INSEE;2026-10-02
EMP01;ZE-METZ;2021-T4;valeur;7.4;%;INSEE;2026-10-02
EMP01;ZE-METZ;2022-T1;valeur;7.3;%;INSEE;2026-10-02
EMP01;ZE-METZ;2022-T2;valeur;7.3;%;INSEE;2026-10-02
EMP01;ZE-METZ;2022-T3;valeur;7.1;%;INSEE;2026-10-02
EMP01;ZE-METZ;2022-T4;valeur;7.0;%;INSEE;2026-10-02
EMP01;ZE-METZ;2023-T1;valeur;6.9;%;INSEE;2026-10-02
EMP01;ZE-METZ;2023-T2;valeur;7.1;%;INSEE;2026-10-02
EMP01;ZE-METZ;2023-T3;valeur;7.2;%;INSEE;2026-10-02
EMP01;ZE-METZ;2023-T4;valeur;7.3;%;INSEE;2026-10-02
EMP01;ZE-METZ;2024-T1;valeur;7.2;%;INSEE;2026-10-02
EMP01;ZE-METZ;2024-T2;valeur;7.1;%;INSEE;2026-10-02
EMP01;ZE-METZ;2024-T3;valeur;7.1;%;INSEE;2026-10-02
EMP01;ZE-METZ;2024-T4;valeur;6.9;%;INSEE;2026-10-02
EMP01;ZE-METZ;2025-T1;valeur;7.1;%;INSEE;2026-10-02
EMP01;ZE-METZ;2025-T2;valeur;7.2;%;INSEE;2026-10-02
EMP01;ZE-METZ;2025-T3;valeur;7.3;%;INSEE;2026-10-02
EMP01;ZE-METZ;2025-T4;valeur;7.6;%;INSEE;2026-10-02
EMP01;ZE-METZ;2026-T1;valeur;7.7;%;INSEE;2026-10-02
EMP01;ZE-METZ;2026-T2;valeur;7.9;%;INSEE;2026-10-02
EMP01;ZE-MONTPELLIER;2020-T4;valeur;10.5;%;INSEE;2026-10-02
EMP01;ZE-MONTPELLIER;2021-T1;valeur;10.6;%;INSEE;2026-10-02
EMP01;ZE-MONTPELLIER;2021-T2;valeur;10.4;%;INSEE;2026-10-02
EMP01;ZE-MONTPELLIER;2021-T3;valeur;10.2;%;INSEE;2026-10-02
EMP01;ZE-MONTPELLIER;2021-T4;valeur;9.7;%;INSEE;2026-10-02
EMP01;ZE-MONTPELLIER;2022-T1;valeur;9.6;%;INSEE;2026-10-02
EMP01;ZE-MONTPELLIER;2022-T2;valeur;9.7;%;INSEE;2026-10-02
EMP01;ZE-MONTPELLIER;2022-T3;valeur;9.4;%;INSEE;2026-10-02
EMP01;ZE-MONTPELLIER;2022-T4;valeur;9.3;%;INSEE;2026-10-02
EMP01;ZE-MONTPELLIER;2023-T1;valeur;9.3;%;INSEE;2026-10-02
EMP01;ZE-MONTPELLIER;2023-T2;valeur;9.4;%;INSEE;2026-10-02
EMP01;ZE-MONTPELLIER;2023-T3;valeur;9.7;%;INSEE;2026-10-02
EMP01;ZE-MONTPELLIER;2023-T4;valeur;9.7;%;INSEE;2026-10-02
EMP01;ZE-MONTPELLIER;2024-T1;valeur;9.7;%;INSEE;2026-10-02
EMP01;ZE-MONTPELLIER;2024-T2;valeur;9.5;%;INSEE;2026-10-02
EMP01;ZE-MONTPELLIER;2024-T3;valeur;9.8;%;INSEE;2026-10-02
EMP01;ZE-MONTPELLIER;2024-T4;valeur;9.6;%;INSEE;2026-10-02
EMP01;ZE-MONTPELLIER;2025-T1;valeur;9.8;%;INSEE;2026-10-02
EMP01;ZE-MONTPELLIER;2025-T2;valeur;9.9;%;INSEE;2026-10-02
EMP01;ZE-MONTPELLIER;2025-T3;valeur;10.1;%;INSEE;2026-10-02
EMP01;ZE-MONTPELLIER;2025-T4;valeur;10.3;%;INSEE;2026-10-02
EMP01;ZE-MONTPELLIER;2026-T1;valeur;10.5;%;INSEE;2026-10-02
EMP01;ZE-MONTPELLIER;2026-T2;valeur;10.6;%;INSEE;2026-10-02
EMP01;ZE-MULHOUSE;2020-T4;valeur;9.3;%;INSEE;2026-10-02
EMP01;ZE-MULHOUSE;2021-T1;valeur;9.3;%;INSEE;2026-10-02
EMP01;ZE-MULHOUSE;2021-T2;valeur;9.1;%;INSEE;2026-10-02
EMP01;ZE-MULHOUSE;2021-T3;valeur;9.1;%;INSEE;2026-10-02
EMP01;ZE-MULHOUSE;2021-T4;valeur;8.4;%;INSEE;2026-10-02
EMP01;ZE-MULHOUSE;2022-T1;valeur;8.1;%;INSEE;2026-10-02
EMP01;ZE-MULHOUSE;2022-T2;valeur;8.1;%;INSEE;2026-10-02
EMP01;ZE-MULHOUSE;2022-T3;valeur;7.9;%;INSEE;2026-10-02
EMP01;ZE-MULHOUSE;2022-T4;valeur;7.8;%;INSEE;2026-10-02
EMP01;ZE-MULHOUSE;2023-T1;valeur;7.7;%;INSEE;2026-10-02
EMP01;ZE-MULHOUSE;2023-T2;valeur;8.1;%;INSEE;2026-10-02
EMP01;ZE-MULHOUSE;2023-T3;valeur;8.4;%;INSEE;2026-10-02
EMP01;ZE-MULHOUSE;2023-T4;valeur;8.5;%;INSEE;2026-10-02
EMP01;ZE-MULHOUSE;2024-T1;valeur;8.6;%;INSEE;2026-10-02
EMP01;ZE-MULHOUSE;2024-T2;valeur;8.5;%;INSEE;2026-10-02
EMP01;ZE-MULHOUSE;2024-T3;valeur;8.5;%;INSEE;2026-10-02
EMP01;ZE-MULHOUSE;2024-T4;valeur;8.2;%;INSEE;2026-10-02
EMP01;ZE-MULHOUSE;2025-T1;valeur;8.3;%;INSEE;2026-10-02
EMP01;ZE-MULHOUSE;2025-T2;valeur;8.3;%;INSEE;2026-10-02
EMP01;ZE-MULHOUSE;2025-T3;valeur;8.4;%;INSEE;2026-10-02
EMP01;ZE-MULHOUSE;2025-T4;valeur;8.7;%;INSEE;2026-10-02
EMP01;ZE-MULHOUSE;2026-T1;valeur;8.9;%;INSEE;2026-10-02
EMP01;ZE-MULHOUSE;2026-T2;valeur;9.2;%;INSEE;2026-10-02
EMP01;ZE-NANCY;2020-T4;valeur;7.3;%;INSEE;2026-10-02
EMP01;ZE-NANCY;2021-T1;valeur;7.6;%;INSEE;2026-10-02
EMP01;ZE-NANCY;2021-T2;valeur;7.2;%;INSEE;2026-10-02
EMP01;ZE-NANCY;2021-T3;valeur;7.4;%;INSEE;2026-10-02
EMP01;ZE-NANCY;2021-T4;valeur;6.9;%;INSEE;2026-10-02
EMP01;ZE-NANCY;2022-T1;valeur;6.9;%;INSEE;2026-10-02
EMP01;ZE-NANCY;2022-T2;valeur;6.9;%;INSEE;2026-10-02
EMP01;ZE-NANCY;2022-T3;valeur;6.7;%;INSEE;2026-10-02
EMP01;ZE-NANCY;2022-T4;valeur;6.8;%;INSEE;2026-10-02
EMP01;ZE-NANCY;2023-T1;valeur;6.8;%;INSEE;2026-10-02
EMP01;ZE-NANCY;2023-T2;valeur;6.9;%;INSEE;2026-10-02
EMP01;ZE-NANCY;2023-T3;valeur;7.1;%;INSEE;2026-10-02
EMP01;ZE-NANCY;2023-T4;valeur;7.1;%;INSEE;2026-10-02
EMP01;ZE-NANCY;2024-T1;valeur;7.1;%;INSEE;2026-10-02
EMP01;ZE-NANCY;2024-T2;valeur;6.9;%;INSEE;2026-10-02
EMP01;ZE-NANCY;2024-T3;valeur;6.9;%;INSEE;2026-10-02
EMP01;ZE-NANCY;2024-T4;valeur;6.6;%;INSEE;2026-10-02
EMP01;ZE-NANCY;2025-T1;valeur;6.7;%;INSEE;2026-10-02
EMP01;ZE-NANCY;2025-T2;valeur;6.7;%;INSEE;2026-10-02
EMP01;ZE-NANCY;2025-T3;valeur;6.9;%;INSEE;2026-10-02
EMP01;ZE-NANCY;2025-T4;valeur;7.2;%;INSEE;2026-10-02
EMP01;ZE-NANCY;2026-T1;valeur;7.4;%;INSEE;2026-10-02
EMP01;ZE-NANCY;2026-T2;valeur;7.6;%;INSEE;2026-10-02
EMP01;ZE-NANTES;2020-T4;valeur;6.6;%;INSEE;2026-10-02
EMP01;ZE-NANTES;2021-T1;valeur;6.7;%;INSEE;2026-10-02
EMP01;ZE-NANTES;2021-T2;valeur;6.3;%;INSEE;2026-10-02
EMP01;ZE-NANTES;2021-T3;valeur;6.3;%;INSEE;2026-10-02
EMP01;ZE-NANTES;2021-T4;valeur;5.8;%;INSEE;2026-10-02
EMP01;ZE-NANTES;2022-T1;valeur;5.7;%;INSEE;2026-10-02
EMP01;ZE-NANTES;2022-T2;valeur;5.7;%;INSEE;2026-10-02
EMP01;ZE-NANTES;2022-T3;valeur;5.6;%;INSEE;2026-10-02
EMP01;ZE-NANTES;2022-T4;valeur;5.4;%;INSEE;2026-10-02
EMP01;ZE-NANTES;2023-T1;valeur;5.3;%;INSEE;2026-10-02
EMP01;ZE-NANTES;2023-T2;valeur;5.4;%;INSEE;2026-10-02
EMP01;ZE-NANTES;2023-T3;valeur;5.6;%;INSEE;2026-10-02
EMP01;ZE-NANTES;2023-T4;valeur;5.6;%;INSEE;2026-10-02
EMP01;ZE-NANTES;2024-T1;valeur;5.6;%;INSEE;2026-10-02
EMP01;ZE-NANTES;2024-T2;valeur;5.5;%;INSEE;2026-10-02
EMP01;ZE-NANTES;2024-T3;valeur;5.6;%;INSEE;2026-10-02
EMP01;ZE-NANTES;2024-T4;valeur;5.6;%;INSEE;2026-10-02
EMP01;ZE-NANTES;2025-T1;valeur;5.8;%;INSEE;2026-10-02
EMP01;ZE-NANTES;2025-T2;valeur;5.9;%;INSEE;2026-10-02
EMP01;ZE-NANTES;2025-T3;valeur;6.0;%;INSEE;2026-10-02
EMP01;ZE-NANTES;2025-T4;valeur;6.3;%;INSEE;2026-10-02
EMP01;ZE-NANTES;2026-T1;valeur;6.5;%;INSEE;2026-10-02
EMP01;ZE-NANTES;2026-T2;valeur;6.7;%;INSEE;2026-10-02
EMP01;ZE-ORLEANS;2020-T4;valeur;6.5;%;INSEE;2026-10-02
EMP01;ZE-ORLEANS;2021-T1;valeur;6.7;%;INSEE;2026-10-02
EMP01;ZE-ORLEANS;2021-T2;valeur;6.7;%;INSEE;2026-10-02
EMP01;ZE-ORLEANS;2021-T3;valeur;6.7;%;INSEE;2026-10-02
EMP01;ZE-ORLEANS;2021-T4;valeur;6.2;%;INSEE;2026-10-02
EMP01;ZE-ORLEANS;2022-T1;valeur;6.2;%;INSEE;2026-10-02
EMP01;ZE-ORLEANS;2022-T2;valeur;6.5;%;INSEE;2026-10-02
EMP01;ZE-ORLEANS;2022-T3;valeur;6.3;%;INSEE;2026-10-02
EMP01;ZE-ORLEANS;2022-T4;valeur;6.1;%;INSEE;2026-10-02
EMP01;ZE-ORLEANS;2023-T1;valeur;6.0;%;INSEE;2026-10-02
EMP01;ZE-ORLEANS;2023-T2;valeur;6.3;%;INSEE;2026-10-02
EMP01;ZE-ORLEANS;2023-T3;valeur;6.4;%;INSEE;2026-10-02
EMP01;ZE-ORLEANS;2023-T4;valeur;6.6;%;INSEE;2026-10-02
EMP01;ZE-ORLEANS;2024-T1;valeur;6.6;%;INSEE;2026-10-02
EMP01;ZE-ORLEANS;2024-T2;valeur;6.5;%;INSEE;2026-10-02
EMP01;ZE-ORLEANS;2024-T3;valeur;6.6;%;INSEE;2026-10-02
EMP01;ZE-ORLEANS;2024-T4;valeur;6.5;%;INSEE;2026-10-02
EMP01;ZE-ORLEANS;2025-T1;valeur;6.7;%;INSEE;2026-10-02
EMP01;ZE-ORLEANS;2025-T2;valeur;6.8;%;INSEE;2026-10-02
EMP01;ZE-ORLEANS;2025-T3;valeur;7.0;%;INSEE;2026-10-02
EMP01;ZE-ORLEANS;2025-T4;valeur;7.4;%;INSEE;2026-10-02
EMP01;ZE-ORLEANS;2026-T1;valeur;7.6;%;INSEE;2026-10-02
EMP01;ZE-ORLEANS;2026-T2;valeur;7.8;%;INSEE;2026-10-02
EMP01;R52;2020-T4;valeur;6.7;%;INSEE;2026-10-02
EMP01;R52;2021-T1;valeur;6.9;%;INSEE;2026-10-02
EMP01;R52;2021-T2;valeur;6.7;%;INSEE;2026-10-02
EMP01;R52;2021-T3;valeur;6.7;%;INSEE;2026-10-02
EMP01;R52;2021-T4;valeur;6.0;%;INSEE;2026-10-02
EMP01;R52;2022-T1;valeur;5.9;%;INSEE;2026-10-02
EMP01;R52;2022-T2;valeur;6.0;%;INSEE;2026-10-02
EMP01;R52;2022-T3;valeur;6.1;%;INSEE;2026-10-02
EMP01;R52;2022-T4;valeur;5.8;%;INSEE;2026-10-02
EMP01;R52;2023-T1;valeur;5.6;%;INSEE;2026-10-02
EMP01;R52;2023-T2;valeur;5.6;%;INSEE;2026-10-02
EMP01;R52;2023-T3;valeur;5.8;%;INSEE;2026-10-02
EMP01;R52;2023-T4;valeur;5.9;%;INSEE;2026-10-02
EMP01;R52;2024-T1;valeur;5.9;%;INSEE;2026-10-02
EMP01;R52;2024-T2;valeur;5.8;%;INSEE;2026-10-02
EMP01;R52;2024-T3;valeur;6.0;%;INSEE;2026-10-02
EMP01;R52;2024-T4;valeur;5.9;%;INSEE;2026-10-02
EMP01;R52;2025-T1;valeur;6.0;%;INSEE;2026-10-02
EMP01;R52;2025-T2;valeur;6.1;%;INSEE;2026-10-02
EMP01;R52;2025-T3;valeur;6.2;%;INSEE;2026-10-02
EMP01;R52;2025-T4;valeur;6.5;%;INSEE;2026-10-02
EMP01;R52;2026-T1;valeur;6.6;%;INSEE;2026-10-02
EMP01;R52;2026-T2;valeur;6.8;%;INSEE;2026-10-02
EMP01;ZE-REIMS;2020-T4;valeur;9.0;%;INSEE;2026-10-02
EMP01;ZE-REIMS;2021-T1;valeur;8.9;%;INSEE;2026-10-02
EMP01;ZE-REIMS;2021-T2;valeur;8.7;%;INSEE;2026-10-02
EMP01;ZE-REIMS;2021-T3;valeur;8.8;%;INSEE;2026-10-02
EMP01;ZE-REIMS;2021-T4;valeur;8.3;%;INSEE;2026-10-02
EMP01;ZE-REIMS;2022-T1;valeur;8.2;%;INSEE;2026-10-02
EMP01;ZE-REIMS;2022-T2;valeur;8.2;%;INSEE;2026-10-02
EMP01;ZE-REIMS;2022-T3;valeur;8.0;%;INSEE;2026-10-02
EMP01;ZE-REIMS;2022-T4;valeur;8.0;%;INSEE;2026-10-02
EMP01;ZE-REIMS;2023-T1;valeur;7.9;%;INSEE;2026-10-02
EMP01;ZE-REIMS;2023-T2;valeur;8.2;%;INSEE;2026-10-02
EMP01;ZE-REIMS;2023-T3;valeur;8.5;%;INSEE;2026-10-02
EMP01;ZE-REIMS;2023-T4;valeur;8.5;%;INSEE;2026-10-02
EMP01;ZE-REIMS;2024-T1;valeur;8.5;%;INSEE;2026-10-02
EMP01;ZE-REIMS;2024-T2;valeur;8.3;%;INSEE;2026-10-02
EMP01;ZE-REIMS;2024-T3;valeur;8.4;%;INSEE;2026-10-02
EMP01;ZE-REIMS;2024-T4;valeur;8.2;%;INSEE;2026-10-02
EMP01;ZE-REIMS;2025-T1;valeur;8.3;%;INSEE;2026-10-02
EMP01;ZE-REIMS;2025-T2;valeur;8.3;%;INSEE;2026-10-02
EMP01;ZE-REIMS;2025-T3;valeur;8.5;%;INSEE;2026-10-02
EMP01;ZE-REIMS;2025-T4;valeur;8.8;%;INSEE;2026-10-02
EMP01;ZE-REIMS;2026-T1;valeur;9.0;%;INSEE;2026-10-02
EMP01;ZE-REIMS;2026-T2;valeur;9.1;%;INSEE;2026-10-02
EMP01;ZE-RENNES;2020-T4;valeur;6.5;%;INSEE;2026-10-02
EMP01;ZE-RENNES;2021-T1;valeur;6.4;%;INSEE;2026-10-02
EMP01;ZE-RENNES;2021-T2;valeur;6.0;%;INSEE;2026-10-02
EMP01;ZE-RENNES;2021-T3;valeur;6.0;%;INSEE;2026-10-02
EMP01;ZE-RENNES;2021-T4;valeur;5.5;%;INSEE;2026-10-02
EMP01;ZE-RENNES;2022-T1;valeur;5.5;%;INSEE;2026-10-02
EMP01;ZE-RENNES;2022-T2;valeur;5.6;%;INSEE;2026-10-02
EMP01;ZE-RENNES;2022-T3;valeur;5.7;%;INSEE;2026-10-02
EMP01;ZE-RENNES;2022-T4;valeur;5.6;%;INSEE;2026-10-02
EMP01;ZE-RENNES;2023-T1;valeur;5.6;%;INSEE;2026-10-02
EMP01;ZE-RENNES;2023-T2;valeur;5.8;%;INSEE;2026-10-02
EMP01;ZE-RENNES;2023-T3;valeur;5.9;%;INSEE;2026-10-02
EMP01;ZE-RENNES;2023-T4;valeur;6.0;%;INSEE;2026-10-02
EMP01;ZE-RENNES;2024-T1;valeur;6.0;%;INSEE;2026-10-02
EMP01;ZE-RENNES;2024-T2;valeur;6.0;%;INSEE;2026-10-02
EMP01;ZE-RENNES;2024-T3;valeur;6.1;%;INSEE;2026-10-02
EMP01;ZE-RENNES;2024-T4;valeur;6.1;%;INSEE;2026-10-02
EMP01;ZE-RENNES;2025-T1;valeur;6.3;%;INSEE;2026-10-02
EMP01;ZE-RENNES;2025-T2;valeur;6.5;%;INSEE;2026-10-02
EMP01;ZE-RENNES;2025-T3;valeur;6.6;%;INSEE;2026-10-02
EMP01;ZE-RENNES;2025-T4;valeur;6.8;%;INSEE;2026-10-02
EMP01;ZE-RENNES;2026-T1;valeur;6.9;%;INSEE;2026-10-02
EMP01;ZE-RENNES;2026-T2;valeur;7.1;%;INSEE;2026-10-02
EMP01;ZE-SAINT-NAZAIRE;2020-T4;valeur;7.7;%;INSEE;2026-10-02
EMP01;ZE-SAINT-NAZAIRE;2021-T1;valeur;7.7;%;INSEE;2026-10-02
EMP01;ZE-SAINT-NAZAIRE;2021-T2;valeur;7.3;%;INSEE;2026-10-02
EMP01;ZE-SAINT-NAZAIRE;2021-T3;valeur;7.1;%;INSEE;2026-10-02
EMP01;ZE-SAINT-NAZAIRE;2021-T4;valeur;6.6;%;INSEE;2026-10-02
EMP01;ZE-SAINT-NAZAIRE;2022-T1;valeur;6.5;%;INSEE;2026-10-02
EMP01;ZE-SAINT-NAZAIRE;2022-T2;valeur;6.3;%;INSEE;2026-10-02
EMP01;ZE-SAINT-NAZAIRE;2022-T3;valeur;6.2;%;INSEE;2026-10-02
EMP01;ZE-SAINT-NAZAIRE;2022-T4;valeur;5.9;%;INSEE;2026-10-02
EMP01;ZE-SAINT-NAZAIRE;2023-T1;valeur;5.7;%;INSEE;2026-10-02
EMP01;ZE-SAINT-NAZAIRE;2023-T2;valeur;5.8;%;INSEE;2026-10-02
EMP01;ZE-SAINT-NAZAIRE;2023-T3;valeur;5.9;%;INSEE;2026-10-02
EMP01;ZE-SAINT-NAZAIRE;2023-T4;valeur;5.9;%;INSEE;2026-10-02
EMP01;ZE-SAINT-NAZAIRE;2024-T1;valeur;5.9;%;INSEE;2026-10-02
EMP01;ZE-SAINT-NAZAIRE;2024-T2;valeur;5.7;%;INSEE;2026-10-02
EMP01;ZE-SAINT-NAZAIRE;2024-T3;valeur;5.9;%;INSEE;2026-10-02
EMP01;ZE-SAINT-NAZAIRE;2024-T4;valeur;5.9;%;INSEE;2026-10-02
EMP01;ZE-SAINT-NAZAIRE;2025-T1;valeur;6.0;%;INSEE;2026-10-02
EMP01;ZE-SAINT-NAZAIRE;2025-T2;valeur;6.1;%;INSEE;2026-10-02
EMP01;ZE-SAINT-NAZAIRE;2025-T3;valeur;6.3;%;INSEE;2026-10-02
EMP01;ZE-SAINT-NAZAIRE;2025-T4;valeur;6.5;%;INSEE;2026-10-02
EMP01;ZE-SAINT-NAZAIRE;2026-T1;valeur;6.5;%;INSEE;2026-10-02
EMP01;ZE-SAINT-NAZAIRE;2026-T2;valeur;6.7;%;INSEE;2026-10-02
EMP01;ZE-SAUMUR;2020-T4;valeur;8.5;%;INSEE;2026-10-02
EMP01;ZE-SAUMUR;2021-T1;valeur;8.4;%;INSEE;2026-10-02
EMP01;ZE-SAUMUR;2021-T2;valeur;8.2;%;INSEE;2026-10-02
EMP01;ZE-SAUMUR;2021-T3;valeur;8.2;%;INSEE;2026-10-02
EMP01;ZE-SAUMUR;2021-T4;valeur;7.5;%;INSEE;2026-10-02
EMP01;ZE-SAUMUR;2022-T1;valeur;7.5;%;INSEE;2026-10-02
EMP01;ZE-SAUMUR;2022-T2;valeur;7.5;%;INSEE;2026-10-02
EMP01;ZE-SAUMUR;2022-T3;valeur;7.5;%;INSEE;2026-10-02
EMP01;ZE-SAUMUR;2022-T4;valeur;7.3;%;INSEE;2026-10-02
EMP01;ZE-SAUMUR;2023-T1;valeur;7.0;%;INSEE;2026-10-02
EMP01;ZE-SAUMUR;2023-T2;valeur;7.2;%;INSEE;2026-10-02
EMP01;ZE-SAUMUR;2023-T3;valeur;7.3;%;INSEE;2026-10-02
EMP01;ZE-SAUMUR;2023-T4;valeur;7.4;%;INSEE;2026-10-02
EMP01;ZE-SAUMUR;2024-T1;valeur;7.5;%;INSEE;2026-10-02
EMP01;ZE-SAUMUR;2024-T2;valeur;7.4;%;INSEE;2026-10-02
EMP01;ZE-SAUMUR;2024-T3;valeur;7.5;%;INSEE;2026-10-02
EMP01;ZE-SAUMUR;2024-T4;valeur;7.3;%;INSEE;2026-10-02
EMP01;ZE-SAUMUR;2025-T1;valeur;7.4;%;INSEE;2026-10-02
EMP01;ZE-SAUMUR;2025-T2;valeur;7.4;%;INSEE;2026-10-02
EMP01;ZE-SAUMUR;2025-T3;valeur;7.5;%;INSEE;2026-10-02
EMP01;ZE-SAUMUR;2025-T4;valeur;8.1;%;INSEE;2026-10-02
EMP01;ZE-SAUMUR;2026-T1;valeur;8.2;%;INSEE;2026-10-02
EMP01;ZE-SAUMUR;2026-T2;valeur;8.3;%;INSEE;2026-10-02
EMP01;ZE-SEGRE-EN-ANJOU-BLEU;2020-T4;valeur;6.7;%;INSEE;2026-10-02
EMP01;ZE-SEGRE-EN-ANJOU-BLEU;2021-T1;valeur;6.6;%;INSEE;2026-10-02
EMP01;ZE-SEGRE-EN-ANJOU-BLEU;2021-T2;valeur;6.1;%;INSEE;2026-10-02
EMP01;ZE-SEGRE-EN-ANJOU-BLEU;2021-T3;valeur;6.5;%;INSEE;2026-10-02
EMP01;ZE-SEGRE-EN-ANJOU-BLEU;2021-T4;valeur;5.8;%;INSEE;2026-10-02
EMP01;ZE-SEGRE-EN-ANJOU-BLEU;2022-T1;valeur;5.7;%;INSEE;2026-10-02
EMP01;ZE-SEGRE-EN-ANJOU-BLEU;2022-T2;valeur;5.8;%;INSEE;2026-10-02
EMP01;ZE-SEGRE-EN-ANJOU-BLEU;2022-T3;valeur;6.0;%;INSEE;2026-10-02
EMP01;ZE-SEGRE-EN-ANJOU-BLEU;2022-T4;valeur;5.8;%;INSEE;2026-10-02
EMP01;ZE-SEGRE-EN-ANJOU-BLEU;2023-T1;valeur;5.6;%;INSEE;2026-10-02
EMP01;ZE-SEGRE-EN-ANJOU-BLEU;2023-T2;valeur;5.7;%;INSEE;2026-10-02
EMP01;ZE-SEGRE-EN-ANJOU-BLEU;2023-T3;valeur;5.8;%;INSEE;2026-10-02
EMP01;ZE-SEGRE-EN-ANJOU-BLEU;2023-T4;valeur;5.7;%;INSEE;2026-10-02
EMP01;ZE-SEGRE-EN-ANJOU-BLEU;2024-T1;valeur;5.7;%;INSEE;2026-10-02
EMP01;ZE-SEGRE-EN-ANJOU-BLEU;2024-T2;valeur;5.7;%;INSEE;2026-10-02
EMP01;ZE-SEGRE-EN-ANJOU-BLEU;2024-T3;valeur;5.8;%;INSEE;2026-10-02
EMP01;ZE-SEGRE-EN-ANJOU-BLEU;2024-T4;valeur;5.9;%;INSEE;2026-10-02
EMP01;ZE-SEGRE-EN-ANJOU-BLEU;2025-T1;valeur;6.0;%;INSEE;2026-10-02
EMP01;ZE-SEGRE-EN-ANJOU-BLEU;2025-T2;valeur;6.2;%;INSEE;2026-10-02
EMP01;ZE-SEGRE-EN-ANJOU-BLEU;2025-T3;valeur;6.0;%;INSEE;2026-10-02
EMP01;ZE-SEGRE-EN-ANJOU-BLEU;2025-T4;valeur;6.3;%;INSEE;2026-10-02
EMP01;ZE-SEGRE-EN-ANJOU-BLEU;2026-T1;valeur;6.4;%;INSEE;2026-10-02
EMP01;ZE-SEGRE-EN-ANJOU-BLEU;2026-T2;valeur;6.5;%;INSEE;2026-10-02
EMP01;ZE-TOULOUSE;2020-T4;valeur;8.4;%;INSEE;2026-10-02
EMP01;ZE-TOULOUSE;2021-T1;valeur;8.5;%;INSEE;2026-10-02
EMP01;ZE-TOULOUSE;2021-T2;valeur;8.1;%;INSEE;2026-10-02
EMP01;ZE-TOULOUSE;2021-T3;valeur;8.2;%;INSEE;2026-10-02
EMP01;ZE-TOULOUSE;2021-T4;valeur;7.7;%;INSEE;2026-10-02
EMP01;ZE-TOULOUSE;2022-T1;valeur;7.6;%;INSEE;2026-10-02
EMP01;ZE-TOULOUSE;2022-T2;valeur;7.7;%;INSEE;2026-10-02
EMP01;ZE-TOULOUSE;2022-T3;valeur;7.4;%;INSEE;2026-10-02
EMP01;ZE-TOULOUSE;2022-T4;valeur;7.3;%;INSEE;2026-10-02
EMP01;ZE-TOULOUSE;2023-T1;valeur;7.1;%;INSEE;2026-10-02
EMP01;ZE-TOULOUSE;2023-T2;valeur;7.4;%;INSEE;2026-10-02
EMP01;ZE-TOULOUSE;2023-T3;valeur;7.5;%;INSEE;2026-10-02
EMP01;ZE-TOULOUSE;2023-T4;valeur;7.6;%;INSEE;2026-10-02
EMP01;ZE-TOULOUSE;2024-T1;valeur;7.6;%;INSEE;2026-10-02
EMP01;ZE-TOULOUSE;2024-T2;valeur;7.6;%;INSEE;2026-10-02
EMP01;ZE-TOULOUSE;2024-T3;valeur;7.8;%;INSEE;2026-10-02
EMP01;ZE-TOULOUSE;2024-T4;valeur;7.8;%;INSEE;2026-10-02
EMP01;ZE-TOULOUSE;2025-T1;valeur;8.1;%;INSEE;2026-10-02
EMP01;ZE-TOULOUSE;2025-T2;valeur;8.2;%;INSEE;2026-10-02
EMP01;ZE-TOULOUSE;2025-T3;valeur;8.5;%;INSEE;2026-10-02
EMP01;ZE-TOULOUSE;2025-T4;valeur;8.8;%;INSEE;2026-10-02
EMP01;ZE-TOULOUSE;2026-T1;valeur;8.8;%;INSEE;2026-10-02
EMP01;ZE-TOULOUSE;2026-T2;valeur;9.1;%;INSEE;2026-10-02
EMP01;ZE-TOURS;2020-T4;valeur;7.0;%;INSEE;2026-10-02
EMP01;ZE-TOURS;2021-T1;valeur;7.3;%;INSEE;2026-10-02
EMP01;ZE-TOURS;2021-T2;valeur;7.1;%;INSEE;2026-10-02
EMP01;ZE-TOURS;2021-T3;valeur;7.0;%;INSEE;2026-10-02
EMP01;ZE-TOURS;2021-T4;valeur;6.4;%;INSEE;2026-10-02
EMP01;ZE-TOURS;2022-T1;valeur;6.5;%;INSEE;2026-10-02
EMP01;ZE-TOURS;2022-T2;valeur;6.7;%;INSEE;2026-10-02
EMP01;ZE-TOURS;2022-T3;valeur;6.6;%;INSEE;2026-10-02
EMP01;ZE-TOURS;2022-T4;valeur;6.5;%;INSEE;2026-10-02
EMP01;ZE-TOURS;2023-T1;valeur;6.5;%;INSEE;2026-10-02
EMP01;ZE-TOURS;2023-T2;valeur;6.7;%;INSEE;2026-10-02
EMP01;ZE-TOURS;2023-T3;valeur;6.9;%;INSEE;2026-10-02
EMP01;ZE-TOURS;2023-T4;valeur;6.9;%;INSEE;2026-10-02
EMP01;ZE-TOURS;2024-T1;valeur;6.9;%;INSEE;2026-10-02
EMP01;ZE-TOURS;2024-T2;valeur;6.8;%;INSEE;2026-10-02
EMP01;ZE-TOURS;2024-T3;valeur;6.8;%;INSEE;2026-10-02
EMP01;ZE-TOURS;2024-T4;valeur;6.7;%;INSEE;2026-10-02
EMP01;ZE-TOURS;2025-T1;valeur;6.8;%;INSEE;2026-10-02
EMP01;ZE-TOURS;2025-T2;valeur;6.9;%;INSEE;2026-10-02
EMP01;ZE-TOURS;2025-T3;valeur;7.1;%;INSEE;2026-10-02
EMP01;ZE-TOURS;2025-T4;valeur;7.3;%;INSEE;2026-10-02
EMP01;ZE-TOURS;2026-T1;valeur;7.5;%;INSEE;2026-10-02
EMP01;ZE-TOURS;2026-T2;valeur;7.7;%;INSEE;2026-10-02
EMP01;ZE-VALENCIENNES;2020-T4;valeur;12.1;%;INSEE;2026-10-02
EMP01;ZE-VALENCIENNES;2021-T1;valeur;12.6;%;INSEE;2026-10-02
EMP01;ZE-VALENCIENNES;2021-T2;valeur;12.0;%;INSEE;2026-10-02
EMP01;ZE-VALENCIENNES;2021-T3;valeur;12.3;%;INSEE;2026-10-02
EMP01;ZE-VALENCIENNES;2021-T4;valeur;11.8;%;INSEE;2026-10-02
EMP01;ZE-VALENCIENNES;2022-T1;valeur;11.9;%;INSEE;2026-10-02
EMP01;ZE-VALENCIENNES;2022-T2;valeur;12.0;%;INSEE;2026-10-02
EMP01;ZE-VALENCIENNES;2022-T3;valeur;11.7;%;INSEE;2026-10-02
EMP01;ZE-VALENCIENNES;2022-T4;valeur;11.8;%;INSEE;2026-10-02
EMP01;ZE-VALENCIENNES;2023-T1;valeur;11.9;%;INSEE;2026-10-02
EMP01;ZE-VALENCIENNES;2023-T2;valeur;12.0;%;INSEE;2026-10-02
EMP01;ZE-VALENCIENNES;2023-T3;valeur;12.2;%;INSEE;2026-10-02
EMP01;ZE-VALENCIENNES;2023-T4;valeur;12.3;%;INSEE;2026-10-02
EMP01;ZE-VALENCIENNES;2024-T1;valeur;12.2;%;INSEE;2026-10-02
EMP01;ZE-VALENCIENNES;2024-T2;valeur;11.8;%;INSEE;2026-10-02
EMP01;ZE-VALENCIENNES;2024-T3;valeur;12.0;%;INSEE;2026-10-02
EMP01;ZE-VALENCIENNES;2024-T4;valeur;11.6;%;INSEE;2026-10-02
EMP01;ZE-VALENCIENNES;2025-T1;valeur;12.1;%;INSEE;2026-10-02
EMP01;ZE-VALENCIENNES;2025-T2;valeur;12.3;%;INSEE;2026-10-02
EMP01;ZE-VALENCIENNES;2025-T3;valeur;12.6;%;INSEE;2026-10-02
EMP01;ZE-VALENCIENNES;2025-T4;valeur;13.0;%;INSEE;2026-10-02
EMP01;ZE-VALENCIENNES;2026-T1;valeur;13.2;%;INSEE;2026-10-02
EMP01;ZE-VALENCIENNES;2026-T2;valeur;13.5;%;INSEE;2026-10-02
EMP02;ZE5202;2026-T1;valeur;124750;emplois;Urssaf;Lettre Aldev n°89
EMP02;ZE5202;2026-T1;evol_trim;769;emplois;Urssaf;Lettre Aldev n°89
EMP02;ZE5202;2026-T1;evol_1an;-107;emplois;Urssaf;Lettre Aldev n°89
EMP03;EPCI244900015;2026-03;cumul_12m;16105;offres;France Travail;Lettre Aldev n°89
EMP03;EPCI244900015;2026-03;evol_1an_pct;-18.5;%;France Travail;Lettre Aldev n°89
EMP04;EPCI244900015;2026-03;valeur;14902;personnes;France Travail;Lettre Aldev n°89
EMP04;EPCI244900015;2026-03;evol_1an_pct;-2.3;%;France Travail;Lettre Aldev n°89
EMP05;EPCI244900015;2026-03;valeur;28443;personnes;France Travail;Lettre Aldev n°89
EMP05;EPCI244900015;2026-03;evol_1an_pct;1.5;%;France Travail;Lettre Aldev n°89
EMP06;EPCI244900015;2026-06;stock;8268;offres;Aldev angers-emploi.fr;Lettre Aldev n°89
