indicateur;territoire;periode;mesure;valeur;modalite;unite;source;millesime;note
ACC01;EPCI244900015;2019;valeur;1287;;projets;Aldev, rapports d'activité;RA 2019;
ACC01;EPCI244900015;2019;valeur;274;NAT-CRE;projets;Aldev, rapports d'activité;RA 2019;
ACC01;EPCI244900015;2019;valeur;558;NAT-DEV;projets;Aldev, rapports d'activité;RA 2019;
ACC01;EPCI244900015;2019;valeur;228;NAT-IMP;projets;Aldev, rapports d'activité;RA 2019;
ACC01;EPCI244900015;2019;valeur;176;NAT-PRO;projets;Aldev, rapports d'activité;RA 2019;
ACC01;EPCI244900015;2019;valeur;51;NAT-RES;projets;Aldev, rapports d'activité;RA 2019;
ACC01;EPCI244900015;2019;valeur;910;ORI-ALM;projets;Aldev, rapports d'activité;RA 2019;
ACC01;EPCI244900015;2019;valeur;323;ORI-FRA;projets;Aldev, rapports d'activité;RA 2019;
ACC01;EPCI244900015;2019;valeur;54;ORI-MON;projets;Aldev, rapports d'activité;RA 2019;
ACC01;EPCI244900015;2019;valeur;130;SEC-BTP;projets;Aldev, rapports d'activité;RA 2019;
ACC01;EPCI244900015;2019;valeur;230;SEC-COM;projets;Aldev, rapports d'activité;RA 2019;
ACC01;EPCI244900015;2019;valeur;225;SEC-IND;projets;Aldev, rapports d'activité;RA 2019;
ACC01;EPCI244900015;2019;valeur;702;SEC-SER;projets;Aldev, rapports d'activité;RA 2019;
ACC01;EPCI244900015;2020;valeur;1322;;projets;Aldev, rapports d'activité;RA 2020;
ACC01;EPCI244900015;2020;valeur;257;NAT-CRE;projets;Aldev, rapports d'activité;RA 2020;
ACC01;EPCI244900015;2020;valeur;635;NAT-DEV;projets;Aldev, rapports d'activité;RA 2020;
ACC01;EPCI244900015;2020;valeur;250;NAT-IMP;projets;Aldev, rapports d'activité;RA 2020;
ACC01;EPCI244900015;2020;valeur;123;NAT-PRO;projets;Aldev, rapports d'activité;RA 2020;
ACC01;EPCI244900015;2020;valeur;57;NAT-RES;projets;Aldev, rapports d'activité;RA 2020;
ACC01;EPCI244900015;2020;valeur;862;ORI-ALM;projets;Aldev, rapports d'activité;RA 2020;
ACC01;EPCI244900015;2020;valeur;406;ORI-FRA;projets;Aldev, rapports d'activité;RA 2020;
ACC01;EPCI244900015;2020;valeur;54;ORI-MON;projets;Aldev, rapports d'activité;RA 2020;
ACC01;EPCI244900015;2020;valeur;129;SEC-BTP;projets;Aldev, rapports d'activité;RA 2020;
ACC01;EPCI244900015;2020;valeur;227;SEC-COM;projets;Aldev, rapports d'activité;RA 2020;
ACC01;EPCI244900015;2020;valeur;272;SEC-IND;projets;Aldev, rapports d'activité;RA 2020;
ACC01;EPCI244900015;2020;valeur;694;SEC-SER;projets;Aldev, rapports d'activité;RA 2020;
ACC01;EPCI244900015;2021;valeur;937;;projets;Aldev, rapports d'activité;RA 2021;
ACC01;EPCI244900015;2021;valeur;216;NAT-CRE;projets;Aldev, rapports d'activité;RA 2021;
ACC01;EPCI244900015;2021;valeur;421;NAT-DEV;projets;Aldev, rapports d'activité;RA 2021;
ACC01;EPCI244900015;2021;valeur;181;NAT-IMP;projets;Aldev, rapports d'activité;RA 2021;
ACC01;EPCI244900015;2021;valeur;80;NAT-PRO;projets;Aldev, rapports d'activité;RA 2021;
ACC01;EPCI244900015;2021;valeur;39;NAT-RES;projets;Aldev, rapports d'activité;RA 2021;
ACC01;EPCI244900015;2021;valeur;749;ORI-ALM;projets;Aldev, rapports d'activité;RA 2021;
ACC01;EPCI244900015;2021;valeur;183;ORI-FRA;projets;Aldev, rapports d'activité;RA 2021;
ACC01;EPCI244900015;2021;valeur;5;ORI-MON;projets;Aldev, rapports d'activité;RA 2021;
ACC01;EPCI244900015;2021;valeur;91;SEC-BTP;projets;Aldev, rapports d'activité;RA 2021;
ACC01;EPCI244900015;2021;valeur;318;SEC-COM;projets;Aldev, rapports d'activité;RA 2021;
ACC01;EPCI244900015;2021;valeur;160;SEC-IND;projets;Aldev, rapports d'activité;RA 2021;
ACC01;EPCI244900015;2021;valeur;368;SEC-SER;projets;Aldev, rapports d'activité;RA 2021;
ACC01;EPCI244900015;2022;valeur;985;;projets;Aldev, rapports d'activité;RA 2022;
ACC01;EPCI244900015;2022;valeur;239;NAT-CRE;projets;Aldev, rapports d'activité;RA 2022;
ACC01;EPCI244900015;2022;valeur;446;NAT-DEV;projets;Aldev, rapports d'activité;RA 2022;
ACC01;EPCI244900015;2022;valeur;191;NAT-IMP;projets;Aldev, rapports d'activité;RA 2022;
ACC01;EPCI244900015;2022;valeur;67;NAT-PRO;projets;Aldev, rapports d'activité;RA 2022;
ACC01;EPCI244900015;2022;valeur;42;NAT-RES;projets;Aldev, rapports d'activité;RA 2022;
ACC01;EPCI244900015;2022;valeur;796;ORI-ALM;projets;Aldev, rapports d'activité;RA 2022;
ACC01;EPCI244900015;2022;valeur;188;ORI-FRA;projets;Aldev, rapports d'activité;RA 2022;
ACC01;EPCI244900015;2022;valeur;1;ORI-MON;projets;Aldev, rapports d'activité;RA 2022;
ACC01;EPCI244900015;2022;valeur;96;SEC-BTP;projets;Aldev, rapports d'activité;RA 2022;
ACC01;EPCI244900015;2022;valeur;284;SEC-COM;projets;Aldev, rapports d'activité;RA 2022;
ACC01;EPCI244900015;2022;valeur;180;SEC-IND;projets;Aldev, rapports d'activité;RA 2022;
ACC01;EPCI244900015;2022;valeur;425;SEC-SER;projets;Aldev, rapports d'activité;RA 2022;
ACC01;EPCI244900015;2023;valeur;764;;projets;Aldev, rapports d'activité;RA 2023;
ACC01;EPCI244900015;2023;valeur;215;NAT-CRE;projets;Aldev, rapports d'activité;RA 2023;
ACC01;EPCI244900015;2023;valeur;306;NAT-DEV;projets;Aldev, rapports d'activité;RA 2023;
ACC01;EPCI244900015;2023;valeur;95;NAT-IMP;projets;Aldev, rapports d'activité;RA 2023;
ACC01;EPCI244900015;2023;valeur;92;NAT-PRO;projets;Aldev, rapports d'activité;RA 2023;
ACC01;EPCI244900015;2023;valeur;56;NAT-RES;projets;Aldev, rapports d'activité;RA 2023;
ACC01;EPCI244900015;2023;valeur;631;ORI-ALM;projets;Aldev, rapports d'activité;RA 2023;
ACC01;EPCI244900015;2023;valeur;101;ORI-FRA;projets;Aldev, rapports d'activité;RA 2023;
ACC01;EPCI244900015;2023;valeur;32;ORI-MON;projets;Aldev, rapports d'activité;RA 2023;
ACC01;EPCI244900015;2023;valeur;91;SEC-BTP;projets;Aldev, rapports d'activité;RA 2023;
ACC01;EPCI244900015;2023;valeur;179;SEC-COM;projets;Aldev, rapports d'activité;RA 2023;
ACC01;EPCI244900015;2023;valeur;139;SEC-IND;projets;Aldev, rapports d'activité;RA 2023;
ACC01;EPCI244900015;2023;valeur;355;SEC-SER;projets;Aldev, rapports d'activité;RA 2023;
ACC01;EPCI244900015;2024;valeur;923;;projets;Aldev, rapports d'activité;RA 2024;
ACC01;EPCI244900015;2024;valeur;283;NAT-CRE;projets;Aldev, rapports d'activité;RA 2024;
ACC01;EPCI244900015;2024;valeur;396;NAT-DEV;projets;Aldev, rapports d'activité;RA 2024;
ACC01;EPCI244900015;2024;valeur;72;NAT-IMP;projets;Aldev, rapports d'activité;RA 2024;
ACC01;EPCI244900015;2024;valeur;82;NAT-PRO;projets;Aldev, rapports d'activité;RA 2024;
ACC01;EPCI244900015;2024;valeur;90;NAT-RES;projets;Aldev, rapports d'activité;RA 2024;
ACC01;EPCI244900015;2024;valeur;830;ORI-ALM;projets;Aldev, rapports d'activité;RA 2024;
ACC01;EPCI244900015;2024;valeur;83;ORI-FRA;projets;Aldev, rapports d'activité;RA 2024;
ACC01;EPCI244900015;2024;valeur;10;ORI-MON;projets;Aldev, rapports d'activité;RA 2024;
ACC01;EPCI244900015;2024;valeur;117;SEC-BTP;projets;Aldev, rapports d'activité;RA 2024;
ACC01;EPCI244900015;2024;valeur;180;SEC-COM;projets;Aldev, rapports d'activité;RA 2024;
ACC01;EPCI244900015;2024;valeur;153;SEC-IND;projets;Aldev, rapports d'activité;RA 2024;
ACC01;EPCI244900015;2024;valeur;473;SEC-SER;projets;Aldev, rapports d'activité;RA 2024;
ACC01;EPCI244900015;2025;valeur;900;;projets;Aldev, rapports d'activité;RA 2025;Environ 900 entreprises
ACC02;EPCI244900015;2019;valeur;320;;projets;Aldev, rapports d'activité;RA 2019;
ACC02;EPCI244900015;2019;valeur;97;NAT-CRE;projets;Aldev, rapports d'activité;RA 2019;
ACC02;EPCI244900015;2019;valeur;135;NAT-DEV;projets;Aldev, rapports d'activité;RA 2019;
ACC02;EPCI244900015;2019;valeur;33;NAT-IMP;projets;Aldev, rapports d'activité;RA 2019;
ACC02;EPCI244900015;2019;valeur;41;NAT-PRO;projets;Aldev, rapports d'activité;RA 2019;
ACC02;EPCI244900015;2019;valeur;14;NAT-RES;projets;Aldev, rapports d'activité;RA 2019;
ACC02;EPCI244900015;2019;valeur;262;ORI-ALM;projets;Aldev, rapports d'activité;RA 2019;
ACC02;EPCI244900015;2019;valeur;56;ORI-FRA;projets;Aldev, rapports d'activité;RA 2019;
ACC02;EPCI244900015;2019;valeur;2;ORI-MON;projets;Aldev, rapports d'activité;RA 2019;
ACC02;EPCI244900015;2019;valeur;20;SEC-BTP;projets;Aldev, rapports d'activité;RA 2019;
ACC02;EPCI244900015;2019;valeur;47;SEC-COM;projets;Aldev, rapports d'activité;RA 2019;
ACC02;EPCI244900015;2019;valeur;61;SEC-IND;projets;Aldev, rapports d'activité;RA 2019;
ACC02;EPCI244900015;2019;valeur;192;SEC-SER;projets;Aldev, rapports d'activité;RA 2019;
ACC02;EPCI244900015;2020;valeur;263;;projets;Aldev, rapports d'activité;maquette-corrigée;
ACC02;EPCI244900015;2020;valeur;59;NAT-CRE;projets;Aldev, rapports d'activité;maquette-corrigée;
ACC02;EPCI244900015;2020;valeur;136;NAT-DEV;projets;Aldev, rapports d'activité;maquette-corrigée;
ACC02;EPCI244900015;2020;valeur;33;NAT-IMP;projets;Aldev, rapports d'activité;maquette-corrigée;
ACC02;EPCI244900015;2020;valeur;16;NAT-PRO;projets;Aldev, rapports d'activité;maquette-corrigée;
ACC02;EPCI244900015;2020;valeur;19;NAT-RES;projets;Aldev, rapports d'activité;maquette-corrigée;
ACC02;EPCI244900015;2020;valeur;176;ORI-ALM;projets;Aldev, rapports d'activité;maquette-corrigée;
ACC02;EPCI244900015;2020;valeur;84;ORI-FRA;projets;Aldev, rapports d'activité;maquette-corrigée;
ACC02;EPCI244900015;2020;valeur;3;ORI-MON;projets;Aldev, rapports d'activité;maquette-corrigée;
ACC02;EPCI244900015;2020;valeur;23;SEC-BTP;projets;Aldev, rapports d'activité;maquette-corrigée;
ACC02;EPCI244900015;2020;valeur;37;SEC-COM;projets;Aldev, rapports d'activité;maquette-corrigée;
ACC02;EPCI244900015;2020;valeur;59;SEC-IND;projets;Aldev, rapports d'activité;maquette-corrigée;
ACC02;EPCI244900015;2020;valeur;144;SEC-SER;projets;Aldev, rapports d'activité;maquette-corrigée;
ACC02;EPCI244900015;2021;valeur;182;;projets;Aldev, rapports d'activité;RA 2021;
ACC02;EPCI244900015;2021;valeur;56;NAT-CRE;projets;Aldev, rapports d'activité;RA 2021;
ACC02;EPCI244900015;2021;valeur;76;NAT-DEV;projets;Aldev, rapports d'activité;RA 2021;
ACC02;EPCI244900015;2021;valeur;20;NAT-IMP;projets;Aldev, rapports d'activité;RA 2021;
ACC02;EPCI244900015;2021;valeur;17;NAT-PRO;projets;Aldev, rapports d'activité;RA 2021;
ACC02;EPCI244900015;2021;valeur;13;NAT-RES;projets;Aldev, rapports d'activité;RA 2021;
ACC02;EPCI244900015;2021;valeur;160;ORI-ALM;projets;Aldev, rapports d'activité;RA 2021;
ACC02;EPCI244900015;2021;valeur;20;ORI-FRA;projets;Aldev, rapports d'activité;RA 2021;
ACC02;EPCI244900015;2021;valeur;2;ORI-MON;projets;Aldev, rapports d'activité;RA 2021;
ACC02;EPCI244900015;2021;valeur;17;SEC-BTP;projets;Aldev, rapports d'activité;RA 2021;
ACC02;EPCI244900015;2021;valeur;25;SEC-COM;projets;Aldev, rapports d'activité;RA 2021;
ACC02;EPCI244900015;2021;valeur;44;SEC-IND;projets;Aldev, rapports d'activité;RA 2021;
ACC02;EPCI244900015;2021;valeur;96;SEC-SER;projets;Aldev, rapports d'activité;RA 2021;
ACC02;EPCI244900015;2022;valeur;175;;projets;Aldev, rapports d'activité;RA 2022;
ACC02;EPCI244900015;2022;valeur;81;NAT-CRE;projets;Aldev, rapports d'activité;RA 2022;
ACC02;EPCI244900015;2022;valeur;65;NAT-DEV;projets;Aldev, rapports d'activité;RA 2022;
ACC02;EPCI244900015;2022;valeur;17;NAT-IMP;projets;Aldev, rapports d'activité;RA 2022;
ACC02;EPCI244900015;2022;valeur;1;NAT-PRO;projets;Aldev, rapports d'activité;RA 2022;
ACC02;EPCI244900015;2022;valeur;11;NAT-RES;projets;Aldev, rapports d'activité;RA 2022;
ACC02;EPCI244900015;2022;valeur;159;ORI-ALM;projets;Aldev, rapports d'activité;RA 2022;
ACC02;EPCI244900015;2022;valeur;16;ORI-FRA;projets;Aldev, rapports d'activité;RA 2022;
ACC02;EPCI244900015;2022;valeur;0;ORI-MON;projets;Aldev, rapports d'activité;RA 2022;
ACC02;EPCI244900015;2022;valeur;19;SEC-BTP;projets;Aldev, rapports d'activité;RA 2022;
ACC02;EPCI244900015;2022;valeur;27;SEC-COM;projets;Aldev, rapports d'activité;RA 2022;
ACC02;EPCI244900015;2022;valeur;43;SEC-IND;projets;Aldev, rapports d'activité;RA 2022;
ACC02;EPCI244900015;2022;valeur;86;SEC-SER;projets;Aldev, rapports d'activité;RA 2022;
ACC02;EPCI244900015;2023;valeur;156;;projets;Aldev, rapports d'activité;RA 2023;
ACC02;EPCI244900015;2023;valeur;69;NAT-CRE;projets;Aldev, rapports d'activité;RA 2023;
ACC02;EPCI244900015;2023;valeur;53;NAT-DEV;projets;Aldev, rapports d'activité;RA 2023;
ACC02;EPCI244900015;2023;valeur;12;NAT-IMP;projets;Aldev, rapports d'activité;RA 2023;
ACC02;EPCI244900015;2023;valeur;6;NAT-PRO;projets;Aldev, rapports d'activité;RA 2023;
ACC02;EPCI244900015;2023;valeur;16;NAT-RES;projets;Aldev, rapports d'activité;RA 2023;
ACC02;EPCI244900015;2023;valeur;134;ORI-ALM;projets;Aldev, rapports d'activité;RA 2023;
ACC02;EPCI244900015;2023;valeur;11;ORI-FRA;projets;Aldev, rapports d'activité;RA 2023;
ACC02;EPCI244900015;2023;valeur;11;ORI-MON;projets;Aldev, rapports d'activité;RA 2023;
ACC02;EPCI244900015;2023;valeur;8;SEC-BTP;projets;Aldev, rapports d'activité;RA 2023;
ACC02;EPCI244900015;2023;valeur;35;SEC-COM;projets;Aldev, rapports d'activité;RA 2023;
ACC02;EPCI244900015;2023;valeur;21;SEC-IND;projets;Aldev, rapports d'activité;RA 2023;
ACC02;EPCI244900015;2023;valeur;92;SEC-SER;projets;Aldev, rapports d'activité;RA 2023;
ACC02;EPCI244900015;2024;valeur;165;;projets;Aldev, rapports d'activité;RA 2024;
ACC02;EPCI244900015;2024;valeur;62;NAT-CRE;projets;Aldev, rapports d'activité;RA 2024;
ACC02;EPCI244900015;2024;valeur;33;NAT-DEV;projets;Aldev, rapports d'activité;RA 2024;
ACC02;EPCI244900015;2024;valeur;19;NAT-IMP;projets;Aldev, rapports d'activité;RA 2024;
ACC02;EPCI244900015;2024;valeur;18;NAT-PRO;projets;Aldev, rapports d'activité;RA 2024;
ACC02;EPCI244900015;2024;valeur;33;NAT-RES;projets;Aldev, rapports d'activité;RA 2024;
ACC02;EPCI244900015;2024;valeur;155;ORI-ALM;projets;Aldev, rapports d'activité;RA 2024;
ACC02;EPCI244900015;2024;valeur;8;ORI-FRA;projets;Aldev, rapports d'activité;RA 2024;
ACC02;EPCI244900015;2024;valeur;2;ORI-MON;projets;Aldev, rapports d'activité;RA 2024;
ACC02;EPCI244900015;2024;valeur;9;SEC-BTP;projets;Aldev, rapports d'activité;RA 2024;
ACC02;EPCI244900015;2024;valeur;32;SEC-COM;projets;Aldev, rapports d'activité;RA 2024;
ACC02;EPCI244900015;2024;valeur;21;SEC-IND;projets;Aldev, rapports d'activité;RA 2024;
ACC02;EPCI244900015;2024;valeur;103;SEC-SER;projets;Aldev, rapports d'activité;RA 2024;
ACC02;EPCI244900015;2025;valeur;164;;projets;Aldev, rapports d'activité;RA 2025;Près d'1/5 des accompagnés
ACC02;EPCI244900015;2025;valeur;85;NAT-CRE;projets;Aldev, rapports d'activité;RA 2025;
ACC02;EPCI244900015;2025;valeur;51;NAT-DEV;projets;Aldev, rapports d'activité;RA 2025;
ACC02;EPCI244900015;2025;valeur;12;NAT-IMP;projets;Aldev, rapports d'activité;RA 2025;
ACC02;EPCI244900015;2025;valeur;16;NAT-RES;projets;Aldev, rapports d'activité;RA 2025;
ACC02;EPCI244900015;2025;valeur;156;ORI-ALM;projets;Aldev, rapports d'activité;RA 2025;
ACC02;EPCI244900015;2025;valeur;7;ORI-FRA;projets;Aldev, rapports d'activité;RA 2025;
ACC02;EPCI244900015;2025;valeur;1;ORI-MON;projets;Aldev, rapports d'activité;RA 2025;
ACC02;EPCI244900015;2025;valeur;52;SEC-COM;projets;Aldev, rapports d'activité;RA 2025;
ACC02;EPCI244900015;2025;valeur;36;SEC-IND;projets;Aldev, rapports d'activité;RA 2025;
ACC02;EPCI244900015;2025;valeur;76;SEC-SER;projets;Aldev, rapports d'activité;RA 2025;
ACC03;EPCI244900015;2019;valeur;25;;%;Aldev, rapports d'activité;RA 2019;
ACC03;EPCI244900015;2020;valeur;20;;%;Aldev, rapports d'activité;RA 2020;
ACC03;EPCI244900015;2021;valeur;19.5;;%;Aldev, rapports d'activité;RA 2021;
ACC03;EPCI244900015;2022;valeur;18;;%;Aldev, rapports d'activité;RA 2022;
ACC03;EPCI244900015;2023;valeur;20;;%;Aldev, rapports d'activité;RA 2023;
ACC03;EPCI244900015;2024;valeur;18;;%;Aldev, rapports d'activité;RA 2024;
ACC04;EPCI244900015;2019;valeur;71;;%;Aldev, rapports d'activité;RA 2019;
ACC04;EPCI244900015;2020;valeur;65;;%;Aldev, rapports d'activité;RA 2020;
ACC04;EPCI244900015;2021;valeur;80;;%;Aldev, rapports d'activité;RA 2021;
ACC04;EPCI244900015;2022;valeur;81;;%;Aldev, rapports d'activité;RA 2022;
ACC04;EPCI244900015;2023;valeur;83;;%;Aldev, rapports d'activité;RA 2023;
ACC04;EPCI244900015;2024;valeur;90;;%;Aldev, rapports d'activité;RA 2024;
ACC04;EPCI244900015;2025;valeur;95;;%;Aldev, rapports d'activité;RA 2025;
ACC05;EPCI244900015;2019;valeur;170;;personnes;Aldev, rapports d'activité;RA 2019;
ACC05;EPCI244900015;2020;valeur;240;;personnes;Aldev, rapports d'activité;RA 2020;
ACC05;EPCI244900015;2021;valeur;66;;personnes;Aldev, rapports d'activité;RA 2021;
ACC06;EPCI244900015;2019;valeur;29;;entreprises;Aldev, rapports d'activité;RA 2019;
ACC06;EPCI244900015;2020;valeur;29;;entreprises;Aldev, rapports d'activité;RA 2020;
ACC06;EPCI244900015;2021;valeur;46;;entreprises;Aldev, rapports d'activité;RA 2021;
ACC07;EPCI244900015;2019;valeur;28;;actions;Aldev, rapports d'activité;RA 2019;
ACC07;EPCI244900015;2020;valeur;28;;actions;Aldev, rapports d'activité;RA 2020;
ACC08;EPCI244900015;2019;valeur;383;;personnes;Aldev, rapports d'activité;RA 2019;
ACC08;EPCI244900015;2020;valeur;383;;personnes;Aldev, rapports d'activité;RA 2020;
BUD01;EPCI244900015;2019;valeur;8617;;k€;Aldev, rapports d'activité;RA 2019;
BUD01;EPCI244900015;2019;valeur;4201;REC-CA;k€;Aldev, rapports d'activité;RA 2019;
BUD01;EPCI244900015;2019;valeur;99;REC-DIV;k€;Aldev, rapports d'activité;RA 2019;
BUD01;EPCI244900015;2019;valeur;4317;REC-SUB;k€;Aldev, rapports d'activité;RA 2019;
BUD01;EPCI244900015;2020;valeur;8192;;k€;Aldev, rapports d'activité;RA 2020;
BUD01;EPCI244900015;2020;valeur;4409;REC-CA;k€;Aldev, rapports d'activité;RA 2020;
BUD01;EPCI244900015;2020;valeur;52;REC-DIV;k€;Aldev, rapports d'activité;RA 2020;
BUD01;EPCI244900015;2020;valeur;3731;REC-SUB;k€;Aldev, rapports d'activité;RA 2020;
BUD01;EPCI244900015;2021;valeur;8484;;k€;Aldev, rapports d'activité;RA 2021;
BUD01;EPCI244900015;2021;valeur;4317;REC-CA;k€;Aldev, rapports d'activité;RA 2021;
BUD01;EPCI244900015;2021;valeur;183;REC-DIV;k€;Aldev, rapports d'activité;RA 2021;
BUD01;EPCI244900015;2021;valeur;3984;REC-SUB;k€;Aldev, rapports d'activité;RA 2021;
BUD01;EPCI244900015;2022;valeur;8481;;k€;Aldev, rapports d'activité;RA 2022;
BUD01;EPCI244900015;2022;valeur;4401;REC-CA;k€;Aldev, rapports d'activité;RA 2022;
BUD01;EPCI244900015;2022;valeur;161;REC-DIV;k€;Aldev, rapports d'activité;RA 2022;
BUD01;EPCI244900015;2022;valeur;3919;REC-SUB;k€;Aldev, rapports d'activité;RA 2022;
BUD01;EPCI244900015;2023;valeur;8835;;k€;Aldev, rapports d'activité;RA 2023;
BUD01;EPCI244900015;2023;valeur;4120;REC-CA;k€;Aldev, rapports d'activité;RA 2023;
BUD01;EPCI244900015;2023;valeur;357;REC-DIV;k€;Aldev, rapports d'activité;RA 2023;
BUD01;EPCI244900015;2023;valeur;4358;REC-SUB;k€;Aldev, rapports d'activité;RA 2023;
BUD01;EPCI244900015;2024;valeur;8794;;k€;Aldev, rapports d'activité;RA 2024;
BUD01;EPCI244900015;2024;valeur;4255;REC-CA;k€;Aldev, rapports d'activité;RA 2024;
BUD01;EPCI244900015;2024;valeur;166;REC-DIV;k€;Aldev, rapports d'activité;RA 2024;
BUD01;EPCI244900015;2024;valeur;4373;REC-SUB;k€;Aldev, rapports d'activité;RA 2024;
BUD01;EPCI244900015;2025;valeur;8682;;k€;Aldev, rapports d'activité;RA 2025;
BUD01;EPCI244900015;2025;valeur;4213;REC-CA;k€;Aldev, rapports d'activité;RA 2025;
BUD01;EPCI244900015;2025;valeur;111;REC-DIV;k€;Aldev, rapports d'activité;RA 2025;
BUD01;EPCI244900015;2025;valeur;4358;REC-SUB;k€;Aldev, rapports d'activité;RA 2025;
BUD02;EPCI244900015;2019;valeur;8677;;k€;Aldev, rapports d'activité;RA 2019;
BUD02;EPCI244900015;2019;valeur;3429;DEP-ACH;k€;Aldev, rapports d'activité;RA 2019;
BUD02;EPCI244900015;2019;valeur;2203;DEP-AFF;k€;Aldev, rapports d'activité;RA 2019;
BUD02;EPCI244900015;2019;valeur;3045;DEP-SAL;k€;Aldev, rapports d'activité;RA 2019;
BUD02;EPCI244900015;2020;valeur;7988;;k€;Aldev, rapports d'activité;RA 2020;
BUD02;EPCI244900015;2020;valeur;2936;DEP-ACH;k€;Aldev, rapports d'activité;RA 2020;
BUD02;EPCI244900015;2020;valeur;2054;DEP-AFF;k€;Aldev, rapports d'activité;RA 2020;
BUD02;EPCI244900015;2020;valeur;2998;DEP-SAL;k€;Aldev, rapports d'activité;RA 2020;
BUD02;EPCI244900015;2021;valeur;8414;;k€;Aldev, rapports d'activité;RA 2021;
BUD02;EPCI244900015;2021;valeur;2955;DEP-ACH;k€;Aldev, rapports d'activité;RA 2021;
BUD02;EPCI244900015;2021;valeur;2360;DEP-AFF;k€;Aldev, rapports d'activité;RA 2021;
BUD02;EPCI244900015;2021;valeur;3099;DEP-SAL;k€;Aldev, rapports d'activité;RA 2021;
BUD02;EPCI244900015;2022;valeur;8328;;k€;Aldev, rapports d'activité;RA 2022;
BUD02;EPCI244900015;2022;valeur;2847;DEP-ACH;k€;Aldev, rapports d'activité;RA 2022;
BUD02;EPCI244900015;2022;valeur;2406;DEP-AFF;k€;Aldev, rapports d'activité;RA 2022;
BUD02;EPCI244900015;2022;valeur;3075;DEP-SAL;k€;Aldev, rapports d'activité;RA 2022;
BUD02;EPCI244900015;2023;valeur;8644;;k€;Aldev, rapports d'activité;RA 2023;
BUD02;EPCI244900015;2023;valeur;3446;DEP-ACH;k€;Aldev, rapports d'activité;RA 2023;
BUD02;EPCI244900015;2023;valeur;1953;DEP-AFF;k€;Aldev, rapports d'activité;RA 2023;
BUD02;EPCI244900015;2023;valeur;3245;DEP-SAL;k€;Aldev, rapports d'activité;RA 2023;
BUD02;EPCI244900015;2024;valeur;8580;;k€;Aldev, rapports d'activité;RA 2024;
BUD02;EPCI244900015;2024;valeur;3372;DEP-ACH;k€;Aldev, rapports d'activité;RA 2024;
BUD02;EPCI244900015;2024;valeur;2025;DEP-AFF;k€;Aldev, rapports d'activité;RA 2024;
BUD02;EPCI244900015;2024;valeur;3183;DEP-SAL;k€;Aldev, rapports d'activité;RA 2024;
BUD02;EPCI244900015;2025;valeur;8517;;k€;Aldev, rapports d'activité;RA 2025;
BUD02;EPCI244900015;2025;valeur;3567;DEP-ACH;k€;Aldev, rapports d'activité;RA 2025;
BUD02;EPCI244900015;2025;valeur;1865;DEP-AFF;k€;Aldev, rapports d'activité;RA 2025;
BUD02;EPCI244900015;2025;valeur;3085;DEP-SAL;k€;Aldev, rapports d'activité;RA 2025;
BUD03;EPCI244900015;2019;valeur;-60;;k€;Aldev, rapports d'activité;RA 2019;
BUD03;EPCI244900015;2020;valeur;204;;k€;Aldev, rapports d'activité;RA 2020;
BUD03;EPCI244900015;2021;valeur;70;;k€;Aldev, rapports d'activité;RA 2021;
BUD03;EPCI244900015;2022;valeur;153;;k€;Aldev, rapports d'activité;RA 2022;
BUD03;EPCI244900015;2023;valeur;191;;k€;Aldev, rapports d'activité;RA 2023;
BUD03;EPCI244900015;2024;valeur;214;;k€;Aldev, rapports d'activité;RA 2024;
BUD03;EPCI244900015;2025;valeur;165;;k€;Aldev, rapports d'activité;RA 2025;
BUD04;EPCI244900015;2019;valeur;1308;;k€;Aldev, rapports d'activité;RA 2019;
BUD04;EPCI244900015;2020;valeur;1108;;k€;Aldev, rapports d'activité;RA 2020;
BUD04;EPCI244900015;2021;valeur;808;;k€;Aldev, rapports d'activité;RA 2021;
BUD04;EPCI244900015;2022;valeur;830;;k€;Aldev, rapports d'activité;RA 2022;
BUD05;EPCI244900015;2019;valeur;989;BDG-AER;k€;Aldev, rapports d'activité;RA 2019;
BUD05;EPCI244900015;2019;valeur;2788;BDG-EMP;k€;Aldev, rapports d'activité;RA 2019;
BUD05;EPCI244900015;2019;valeur;6144;BDG-ESR;k€;Aldev, rapports d'activité;RA 2019;
BUD05;EPCI244900015;2019;valeur;1391;BDG-FIL;k€;Aldev, rapports d'activité;RA 2019;
BUD05;EPCI244900015;2019;valeur;1480;BDG-IMM;k€;Aldev, rapports d'activité;RA 2019;
BUD05;EPCI244900015;2019;valeur;651;BDG-INT;k€;Aldev, rapports d'activité;RA 2019;
BUD05;EPCI244900015;2020;valeur;885;BDG-AER;k€;Aldev, rapports d'activité;RA 2020;
BUD05;EPCI244900015;2020;valeur;2648;BDG-EMP;k€;Aldev, rapports d'activité;RA 2020;
BUD05;EPCI244900015;2020;valeur;5106;BDG-ESR;k€;Aldev, rapports d'activité;RA 2020;
BUD05;EPCI244900015;2020;valeur;1305;BDG-FIL;k€;Aldev, rapports d'activité;RA 2020;
BUD05;EPCI244900015;2020;valeur;1025;BDG-IMM;k€;Aldev, rapports d'activité;RA 2020;
BUD05;EPCI244900015;2020;valeur;763;BDG-INT;k€;Aldev, rapports d'activité;RA 2020;
BUD05;EPCI244900015;2021;valeur;680;BDG-AER;k€;Aldev, rapports d'activité;RA 2021;
BUD05;EPCI244900015;2021;valeur;2765;BDG-EMP;k€;Aldev, rapports d'activité;RA 2021;
BUD05;EPCI244900015;2021;valeur;7222;BDG-ESR;k€;Aldev, rapports d'activité;RA 2021;
BUD05;EPCI244900015;2021;valeur;1199;BDG-FIL;k€;Aldev, rapports d'activité;RA 2021;
BUD05;EPCI244900015;2021;valeur;750;BDG-IMM;k€;Aldev, rapports d'activité;RA 2021;
BUD05;EPCI244900015;2021;valeur;1137;BDG-INT;k€;Aldev, rapports d'activité;RA 2021;
BUD05;EPCI244900015;2022;valeur;680;BDG-AER;k€;Aldev, rapports d'activité;RA 2022;
BUD05;EPCI244900015;2022;valeur;2643;BDG-EMP;k€;Aldev, rapports d'activité;RA 2022;
BUD05;EPCI244900015;2022;valeur;6656;BDG-ESR;k€;Aldev, rapports d'activité;RA 2022;
BUD05;EPCI244900015;2022;valeur;1104;BDG-FIL;k€;Aldev, rapports d'activité;RA 2022;
BUD05;EPCI244900015;2022;valeur;750;BDG-IMM;k€;Aldev, rapports d'activité;RA 2022;
BUD05;EPCI244900015;2022;valeur;1100;BDG-INT;k€;Aldev, rapports d'activité;RA 2022;
BUD05;EPCI244900015;2023;valeur;670;BDG-AER;k€;Aldev, rapports d'activité;RA 2023;
BUD05;EPCI244900015;2023;valeur;2600;BDG-EMP;k€;Aldev, rapports d'activité;RA 2023;
BUD05;EPCI244900015;2023;valeur;5727;BDG-ESR;k€;Aldev, rapports d'activité;RA 2023;
BUD05;EPCI244900015;2023;valeur;1005;BDG-FIL;k€;Aldev, rapports d'activité;RA 2023;
BUD05;EPCI244900015;2023;valeur;600;BDG-IMM;k€;Aldev, rapports d'activité;RA 2023;
BUD05;EPCI244900015;2023;valeur;1207;BDG-INT;k€;Aldev, rapports d'activité;RA 2023;
BUD05;EPCI244900015;2024;valeur;823;BDG-AER;k€;Aldev, rapports d'activité;RA 2024;
BUD05;EPCI244900015;2024;valeur;2769;BDG-EMP;k€;Aldev, rapports d'activité;RA 2024;
BUD05;EPCI244900015;2024;valeur;5527;BDG-ESR;k€;Aldev, rapports d'activité;RA 2024;
BUD05;EPCI244900015;2024;valeur;881;BDG-FIL;k€;Aldev, rapports d'activité;RA 2024;
BUD05;EPCI244900015;2024;valeur;542;BDG-IMM;k€;Aldev, rapports d'activité;RA 2024;
BUD05;EPCI244900015;2024;valeur;1175;BDG-INT;k€;Aldev, rapports d'activité;RA 2024;
BUD05;EPCI244900015;2025;valeur;780;BDG-AER;k€;Aldev, rapports d'activité;RA 2025;
BUD05;EPCI244900015;2025;valeur;2676;BDG-EMP;k€;Aldev, rapports d'activité;RA 2025;
BUD05;EPCI244900015;2025;valeur;6688;BDG-ESR;k€;Aldev, rapports d'activité;RA 2025;
BUD05;EPCI244900015;2025;valeur;1072;BDG-FIL;k€;Aldev, rapports d'activité;RA 2025;
BUD05;EPCI244900015;2025;valeur;595;BDG-IMM;k€;Aldev, rapports d'activité;RA 2025;
BUD05;EPCI244900015;2025;valeur;865;BDG-INT;k€;Aldev, rapports d'activité;RA 2025;
EMA01;EPCI244900015;2019;valeur;9895;;personnes;Aldev, rapports d'activité;RA 2019;
EMA01;EPCI244900015;2020;valeur;5038;;personnes;Aldev, rapports d'activité;RA 2020;
EMA01;EPCI244900015;2021;valeur;7128;;personnes;Aldev, rapports d'activité;RA 2021;
EMA01;EPCI244900015;2022;valeur;3345;;personnes;Aldev, rapports d'activité;RA 2022;
EMA01;EPCI244900015;2023;valeur;4123;;personnes;Aldev, rapports d'activité;RA 2023;
EMA01;EPCI244900015;2024;valeur;4648;;personnes;Aldev, rapports d'activité;RA 2024;
EMA01;EPCI244900015;2025;valeur;6944;;personnes;Aldev, rapports d'activité;RA 2025;
EMA02;EPCI244900015;2019;valeur;1874;;personnes;Aldev, rapports d'activité;RA 2019;
EMA02;EPCI244900015;2020;valeur;2202;;personnes;Aldev, rapports d'activité;RA 2020;
EMA02;EPCI244900015;2021;valeur;2353;;personnes;Aldev, rapports d'activité;RA 2021;
EMA02;EPCI244900015;2022;valeur;1464;;personnes;Aldev, rapports d'activité;RA 2022;
EMA02;EPCI244900015;2023;valeur;1423;;personnes;Aldev, rapports d'activité;RA 2023;
EMA02;EPCI244900015;2024;valeur;1720;;personnes;Aldev, rapports d'activité;RA 2024;
EMA02;EPCI244900015;2025;valeur;2017;;personnes;Aldev, rapports d'activité;RA 2025;
EMA03;EPCI244900015;2019;valeur;21;;%;Aldev, rapports d'activité;RA 2019;
EMA03;EPCI244900015;2020;valeur;44;;%;Aldev, rapports d'activité;RA 2020;
EMA03;EPCI244900015;2021;valeur;33;;%;Aldev, rapports d'activité;RA 2021;
EMA03;EPCI244900015;2022;valeur;45;;%;Aldev, rapports d'activité;RA 2022;
EMA03;EPCI244900015;2023;valeur;35;;%;Aldev, rapports d'activité;RA 2023;
EMA03;EPCI244900015;2024;valeur;37;;%;Aldev, rapports d'activité;RA 2024;
EMA03;EPCI244900015;2025;valeur;29;;%;Aldev, rapports d'activité;RA 2025;
EMA04;EPCI244900015;2019;valeur;1398;;entreprises;Aldev, rapports d'activité;RA 2019;
EMA04;EPCI244900015;2020;valeur;759;;entreprises;Aldev, rapports d'activité;RA 2020;
EMA04;EPCI244900015;2021;valeur;1015;;entreprises;Aldev, rapports d'activité;RA 2021;
EMA04;EPCI244900015;2022;valeur;1038;;entreprises;Aldev, rapports d'activité;RA 2022;
EMA04;EPCI244900015;2023;valeur;904;;entreprises;Aldev, rapports d'activité;RA 2023;
EMA04;EPCI244900015;2024;valeur;921;;entreprises;Aldev, rapports d'activité;RA 2024;
EMA04;EPCI244900015;2025;valeur;842;;entreprises;Aldev, rapports d'activité;RA 2025;
ESR01;EPCI244900015;2023;valeur;55;;projets;Aldev, rapports d'activité;RA 2023;
ESR01;EPCI244900015;2024;valeur;73;;projets;Aldev, rapports d'activité;RA 2024;
ESR01;EPCI244900015;2025;valeur;68;;projets;Aldev, rapports d'activité;RA 2025;
ESR02;EPCI244900015;2023;valeur;7;;projets;Aldev, rapports d'activité;RA 2023;
ESR02;EPCI244900015;2024;valeur;17;;projets;Aldev, rapports d'activité;RA 2024;
ESR02;EPCI244900015;2025;valeur;12;;projets;Aldev, rapports d'activité;RA 2025;
ESR03;EPCI244900015;2023;valeur;21;;projets;Aldev, rapports d'activité;RA 2023;
ESR03;EPCI244900015;2024;valeur;28;;projets;Aldev, rapports d'activité;RA 2024;
ESR03;EPCI244900015;2025;valeur;31;;projets;Aldev, rapports d'activité;RA 2025;
ESR04;EPCI244900015;2023;valeur;12;;colloques;Aldev, rapports d'activité;RA 2023;
ESR04;EPCI244900015;2024;valeur;15;;colloques;Aldev, rapports d'activité;RA 2024;
ESR04;EPCI244900015;2025;valeur;12;;colloques;Aldev, rapports d'activité;RA 2025;
ESR05;EPCI244900015;2022;valeur;19;;projets;Aldev, rapports d'activité;RA 2022;
ESR05;EPCI244900015;2022;valeur;6;CPER-EQU;projets;Aldev, rapports d'activité;RA 2022;
ESR05;EPCI244900015;2022;valeur;9;CPER-IMM;projets;Aldev, rapports d'activité;RA 2022;
ESR05;EPCI244900015;2022;valeur;1;CPER-INN;projets;Aldev, rapports d'activité;RA 2022;
ESR05;EPCI244900015;2022;valeur;3;CPER-NUM;projets;Aldev, rapports d'activité;RA 2022;
ESR05;EPCI244900015;2024;valeur;13;;projets;Aldev, rapports d'activité;RA 2024;
ESR05;EPCI244900015;2024;valeur;6;CPER-EQU;projets;Aldev, rapports d'activité;RA 2024;
ESR05;EPCI244900015;2024;valeur;4;CPER-IMM;projets;Aldev, rapports d'activité;RA 2024;
ESR05;EPCI244900015;2024;valeur;1;CPER-INN;projets;Aldev, rapports d'activité;RA 2024;
ESR05;EPCI244900015;2024;valeur;2;CPER-NUM;projets;Aldev, rapports d'activité;RA 2024;
ESR05;EPCI244900015;2025;valeur;13;;projets;Aldev, rapports d'activité;RA 2025;
ESR05;EPCI244900015;2025;valeur;6;CPER-EQU;projets;Aldev, rapports d'activité;RA 2025;
ESR05;EPCI244900015;2025;valeur;5;CPER-IMM;projets;Aldev, rapports d'activité;RA 2025;
ESR05;EPCI244900015;2025;valeur;2;CPER-NUM;projets;Aldev, rapports d'activité;RA 2025;
ESR06;EPCI244900015;2023;valeur;2;;projets;Aldev, rapports d'activité;RA 2023;
ESR07;EPCI244900015;2023;valeur;5;;projets;Aldev, rapports d'activité;RA 2023;
ESR08;EPCI244900015;2023;valeur;2;;projets;Aldev, rapports d'activité;RA 2023;
ESR09;EPCI244900015;2019;valeur;18;;personnes;Aldev, rapports d'activité;RA 2019;
ESR09;EPCI244900015;2020;valeur;18;;personnes;Aldev, rapports d'activité;RA 2020;
ESR09;EPCI244900015;2021;valeur;37;;personnes;Aldev, rapports d'activité;RA 2021;
ESR09;EPCI244900015;2022;valeur;31;;personnes;Aldev, rapports d'activité;RA 2022;
ESR10;EPCI244900015;2022;valeur;17620;;k€;Aldev, rapports d'activité;RA 2022;
ESR11;EPCI244900015;2023;valeur;6;;projets;Aldev, rapports d'activité;RA 2023;
ESR12;EPCI244900015;2019;valeur;18;;projets;Aldev, rapports d'activité;RA 2019;
ESR12;EPCI244900015;2020;valeur;7;;projets;Aldev, rapports d'activité;RA 2020;
ESR12;EPCI244900015;2021;valeur;11;;projets;Aldev, rapports d'activité;RA 2021;
ESR12;EPCI244900015;2021;valeur;4;CPER-EQU;projets;Aldev, rapports d'activité;RA 2021;
ESR12;EPCI244900015;2021;valeur;7;CPER-IMM;projets;Aldev, rapports d'activité;RA 2021;
FIL01;EPCI244900015;2019;valeur;57;;projets;Aldev, rapports d'activité;RA 2019;
FIL01;EPCI244900015;2019;valeur;2;FIL-ETU;projets;Aldev, rapports d'activité;RA 2019;
FIL01;EPCI244900015;2019;valeur;12;FIL-ICC;projets;Aldev, rapports d'activité;RA 2019;
FIL01;EPCI244900015;2019;valeur;12;FIL-INT;projets;Aldev, rapports d'activité;RA 2019;
FIL01;EPCI244900015;2019;valeur;11;FIL-NUM;projets;Aldev, rapports d'activité;RA 2019;
FIL01;EPCI244900015;2019;valeur;8;FIL-SAN;projets;Aldev, rapports d'activité;RA 2019;
FIL01;EPCI244900015;2019;valeur;3;FIL-TOU;projets;Aldev, rapports d'activité;RA 2019;
FIL01;EPCI244900015;2019;valeur;9;FIL-VEG;projets;Aldev, rapports d'activité;RA 2019;
FIL01;EPCI244900015;2020;valeur;63;;projets;Aldev, rapports d'activité;RA 2020;
FIL01;EPCI244900015;2020;valeur;5;FIL-ESS;projets;Aldev, rapports d'activité;RA 2020;
FIL01;EPCI244900015;2020;valeur;6;FIL-ICC;projets;Aldev, rapports d'activité;RA 2020;
FIL01;EPCI244900015;2020;valeur;10;FIL-INN;projets;Aldev, rapports d'activité;RA 2020;
FIL01;EPCI244900015;2020;valeur;5;FIL-INT;projets;Aldev, rapports d'activité;RA 2020;
FIL01;EPCI244900015;2020;valeur;6;FIL-NUM;projets;Aldev, rapports d'activité;RA 2020;
FIL01;EPCI244900015;2020;valeur;20;FIL-SAN;projets;Aldev, rapports d'activité;RA 2020;
FIL01;EPCI244900015;2020;valeur;11;FIL-VEG;projets;Aldev, rapports d'activité;RA 2020;
FIL01;EPCI244900015;2021;valeur;55;;projets;Aldev, rapports d'activité;RA 2021;
FIL01;EPCI244900015;2021;valeur;9;FIL-ESS;projets;Aldev, rapports d'activité;RA 2021;
FIL01;EPCI244900015;2021;valeur;7;FIL-ICC;projets;Aldev, rapports d'activité;RA 2021;
FIL01;EPCI244900015;2021;valeur;6;FIL-INN;projets;Aldev, rapports d'activité;RA 2021;
FIL01;EPCI244900015;2021;valeur;3;FIL-INT;projets;Aldev, rapports d'activité;RA 2021;
FIL01;EPCI244900015;2021;valeur;3;FIL-NUM;projets;Aldev, rapports d'activité;RA 2021;
FIL01;EPCI244900015;2021;valeur;16;FIL-SAN;projets;Aldev, rapports d'activité;RA 2021;
FIL01;EPCI244900015;2021;valeur;2;FIL-TER;projets;Aldev, rapports d'activité;RA 2021;
FIL01;EPCI244900015;2021;valeur;9;FIL-VEG;projets;Aldev, rapports d'activité;RA 2021;
FIL01;EPCI244900015;2022;valeur;39;;projets;Aldev, rapports d'activité;RA 2022;
FIL01;EPCI244900015;2022;valeur;9;FIL-ESS;projets;Aldev, rapports d'activité;RA 2022;
FIL01;EPCI244900015;2022;valeur;7;FIL-INN;projets;Aldev, rapports d'activité;RA 2022;
FIL01;EPCI244900015;2022;valeur;3;FIL-INT;projets;Aldev, rapports d'activité;RA 2022;
FIL01;EPCI244900015;2022;valeur;4;FIL-NUM;projets;Aldev, rapports d'activité;RA 2022;
FIL01;EPCI244900015;2022;valeur;4;FIL-SAN;projets;Aldev, rapports d'activité;RA 2022;
FIL01;EPCI244900015;2022;valeur;3;FIL-TER;projets;Aldev, rapports d'activité;RA 2022;
FIL01;EPCI244900015;2022;valeur;9;FIL-VEG;projets;Aldev, rapports d'activité;RA 2022;
FIL01;EPCI244900015;2023;valeur;43;;projets;Aldev, rapports d'activité;RA 2023;
FIL01;EPCI244900015;2023;valeur;8;FIL-ESS;projets;Aldev, rapports d'activité;RA 2023;
FIL01;EPCI244900015;2023;valeur;8;FIL-INN;projets;Aldev, rapports d'activité;RA 2023;
FIL01;EPCI244900015;2023;valeur;3;FIL-INT;projets;Aldev, rapports d'activité;RA 2023;
FIL01;EPCI244900015;2023;valeur;5;FIL-NUM;projets;Aldev, rapports d'activité;RA 2023;
FIL01;EPCI244900015;2023;valeur;6;FIL-SAN;projets;Aldev, rapports d'activité;RA 2023;
FIL01;EPCI244900015;2023;valeur;2;FIL-TER;projets;Aldev, rapports d'activité;RA 2023;
FIL01;EPCI244900015;2023;valeur;11;FIL-VEG;projets;Aldev, rapports d'activité;RA 2023;
FIL01;EPCI244900015;2024;valeur;45;;projets;Aldev, rapports d'activité;RA 2024;
FIL01;EPCI244900015;2024;valeur;10;FIL-ESS;projets;Aldev, rapports d'activité;RA 2024;
FIL01;EPCI244900015;2024;valeur;8;FIL-INN;projets;Aldev, rapports d'activité;RA 2024;
FIL01;EPCI244900015;2024;valeur;3;FIL-INT;projets;Aldev, rapports d'activité;RA 2024;
FIL01;EPCI244900015;2024;valeur;5;FIL-NUM;projets;Aldev, rapports d'activité;RA 2024;
FIL01;EPCI244900015;2024;valeur;4;FIL-SAN;projets;Aldev, rapports d'activité;RA 2024;
FIL01;EPCI244900015;2024;valeur;1;FIL-TER;projets;Aldev, rapports d'activité;RA 2024;
FIL01;EPCI244900015;2024;valeur;14;FIL-VEG;projets;Aldev, rapports d'activité;RA 2024;
FIL01;EPCI244900015;2025;valeur;45;;projets;Aldev, rapports d'activité;RA 2025;
FIL01;EPCI244900015;2025;valeur;15;FIL-ESS;projets;Aldev, rapports d'activité;RA 2025;
FIL01;EPCI244900015;2025;valeur;6;FIL-INN;projets;Aldev, rapports d'activité;RA 2025;
FIL01;EPCI244900015;2025;valeur;1;FIL-INT;projets;Aldev, rapports d'activité;RA 2025;
FIL01;EPCI244900015;2025;valeur;4;FIL-NUM;projets;Aldev, rapports d'activité;RA 2025;
FIL01;EPCI244900015;2025;valeur;5;FIL-SAN;projets;Aldev, rapports d'activité;RA 2025;
FIL01;EPCI244900015;2025;valeur;14;FIL-VEG;projets;Aldev, rapports d'activité;RA 2025;
FIN01;EPCI244900015;2019;valeur;66;;dossiers;Aldev, rapports d'activité;RA 2019;
FIN01;EPCI244900015;2020;valeur;143;;dossiers;Aldev, rapports d'activité;RA 2020;
FIN01;EPCI244900015;2021;valeur;146;;dossiers;Aldev, rapports d'activité;RA 2021;38 TPE
FIN01;EPCI244900015;2022;valeur;98;;dossiers;Aldev, rapports d'activité;RA 2022;
FIN02;EPCI244900015;2019;valeur;453;;k€;Aldev, rapports d'activité;RA 2019;
FIN02;EPCI244900015;2020;valeur;293.5;;k€;Aldev, rapports d'activité;RA 2020;
FIN02;EPCI244900015;2021;valeur;293.7;;k€;Aldev, rapports d'activité;RA 2021;
FIN02;EPCI244900015;2022;valeur;540;;k€;Aldev, rapports d'activité;RA 2022;
FIN03;EPCI244900015;2023;valeur;148;;dossiers;Aldev, rapports d'activité;RA 2023;
FIN03;EPCI244900015;2024;valeur;138;;dossiers;Aldev, rapports d'activité;RA 2024;
FIN03;EPCI244900015;2025;valeur;167;;dossiers;Aldev, rapports d'activité;RA 2025;
FIN04;EPCI244900015;2023;valeur;646;;k€;Aldev, rapports d'activité;RA 2023;
FIN04;EPCI244900015;2024;valeur;643;;k€;Aldev, rapports d'activité;RA 2024;
FIN04;EPCI244900015;2025;valeur;659;;k€;Aldev, rapports d'activité;RA 2025;
FIN05;EPCI244900015;2022;valeur;8;;dossiers;Aldev, rapports d'activité;RA 2022;
FIN06;EPCI244900015;2022;valeur;30;;k€;Aldev, rapports d'activité;RA 2022;
FIN07;EPCI244900015;2019;valeur;14;;dossiers;Aldev, rapports d'activité;RA 2019;
FIN07;EPCI244900015;2020;valeur;6;;dossiers;Aldev, rapports d'activité;RA 2020;
FIN07;EPCI244900015;2021;valeur;15;;dossiers;Aldev, rapports d'activité;RA 2021;
FIN07;EPCI244900015;2022;valeur;3;;dossiers;Aldev, rapports d'activité;RA 2022;
FIN07;EPCI244900015;2023;valeur;4;;dossiers;Aldev, rapports d'activité;RA 2023;
FIN07;EPCI244900015;2024;valeur;4;;dossiers;Aldev, rapports d'activité;RA 2024;
FIN07;EPCI244900015;2025;valeur;4;;dossiers;Aldev, rapports d'activité;RA 2025;
FIN08;EPCI244900015;2019;valeur;121.6;;k€;Aldev, rapports d'activité;RA 2019;
FIN08;EPCI244900015;2020;valeur;231.6;;k€;Aldev, rapports d'activité;RA 2020;
FIN08;EPCI244900015;2021;valeur;405;;k€;Aldev, rapports d'activité;RA 2021;
FIN08;EPCI244900015;2022;valeur;237.5;;k€;Aldev, rapports d'activité;RA 2022;
FIN08;EPCI244900015;2023;valeur;240;;k€;Aldev, rapports d'activité;RA 2023;
FIN08;EPCI244900015;2024;valeur;350;;k€;Aldev, rapports d'activité;RA 2024;
FIN08;EPCI244900015;2025;valeur;580;;k€;Aldev, rapports d'activité;RA 2025;
FIN09;EPCI244900015;2019;valeur;2;;dossiers;Aldev, rapports d'activité;RA 2019;
FIN09;EPCI244900015;2022;valeur;1;;dossiers;Aldev, rapports d'activité;RA 2022;
FIN09;EPCI244900015;2023;valeur;2;;dossiers;Aldev, rapports d'activité;RA 2023;
FIN09;EPCI244900015;2024;valeur;1;;dossiers;Aldev, rapports d'activité;RA 2024;
FIN09;EPCI244900015;2025;valeur;1;;dossiers;Aldev, rapports d'activité;RA 2025;
FIN10;EPCI244900015;2019;valeur;390;;k€;Aldev, rapports d'activité;RA 2019;
FIN10;EPCI244900015;2022;valeur;200;;k€;Aldev, rapports d'activité;RA 2022;
FIN10;EPCI244900015;2023;valeur;245;;k€;Aldev, rapports d'activité;RA 2023;
FIN10;EPCI244900015;2024;valeur;105;;k€;Aldev, rapports d'activité;RA 2024;
FIN10;EPCI244900015;2025;valeur;90;;k€;Aldev, rapports d'activité;RA 2025;
FIN11;EPCI244900015;2019;valeur;72;;entreprises;Aldev, rapports d'activité;RA 2019;
FIN11;EPCI244900015;2020;valeur;49;;entreprises;Aldev, rapports d'activité;RA 2020;
FIN11;EPCI244900015;2021;valeur;53;;entreprises;Aldev, rapports d'activité;RA 2021;
FIN11;EPCI244900015;2022;valeur;110;;entreprises;Aldev, rapports d'activité;RA 2022;
FIN11;EPCI244900015;2023;valeur;154;;entreprises;Aldev, rapports d'activité;RA 2023;
FIN11;EPCI244900015;2024;valeur;143;;entreprises;Aldev, rapports d'activité;RA 2024;
FIN11;EPCI244900015;2025;valeur;171;;entreprises;Aldev, rapports d'activité;RA 2025;
IMM01;EPCI244900015;2019;valeur;71072;;m²;Aldev, rapports d'activité;RA 2019;
IMM01;EPCI244900015;2020;valeur;62634;;m²;Aldev, rapports d'activité;RA 2020;
IMM01;EPCI244900015;2021;valeur;61020;;m²;Aldev, rapports d'activité;RA 2021;
IMM01;EPCI244900015;2022;valeur;57800;;m²;Aldev, rapports d'activité;RA 2022;
IMM01;EPCI244900015;2023;valeur;57800;;m²;Aldev, rapports d'activité;RA 2023;
IMM01;EPCI244900015;2024;valeur;58305;;m²;Aldev, rapports d'activité;RA 2024;
IMM01;EPCI244900015;2025;valeur;59493;;m²;Aldev, rapports d'activité;RA 2025;
IMM02;EPCI244900015;2019;valeur;71.5;;%;Aldev, rapports d'activité;RA 2019;
IMM02;EPCI244900015;2020;valeur;85;;%;Aldev, rapports d'activité;RA 2020;
IMM02;EPCI244900015;2021;valeur;92.5;;%;Aldev, rapports d'activité;RA 2021;
IMM02;EPCI244900015;2022;valeur;80;;%;Aldev, rapports d'activité;RA 2022;
IMM02;EPCI244900015;2023;valeur;81;;%;Aldev, rapports d'activité;RA 2023;
IMM02;EPCI244900015;2024;valeur;79;;%;Aldev, rapports d'activité;RA 2024;
IMM02;EPCI244900015;2025;valeur;82.7;;%;Aldev, rapports d'activité;RA 2025;
IMM03;EPCI244900015;2019;valeur;128;;locataires;Aldev, rapports d'activité;RA 2019;
IMM03;EPCI244900015;2020;valeur;118;;locataires;Aldev, rapports d'activité;RA 2020;
IMM03;EPCI244900015;2021;valeur;105;;locataires;Aldev, rapports d'activité;RA 2021;
IMM03;EPCI244900015;2022;valeur;85;;locataires;Aldev, rapports d'activité;RA 2022;
IMM03;EPCI244900015;2023;valeur;82;;locataires;Aldev, rapports d'activité;RA 2023;
IMM03;EPCI244900015;2024;valeur;77;;locataires;Aldev, rapports d'activité;RA 2024;
IMM03;EPCI244900015;2025;valeur;69;;locataires;Aldev, rapports d'activité;RA 2025;
IMM04;EPCI244900015;2019;valeur;18;;locataires;Aldev, rapports d'activité;RA 2019;
IMM04;EPCI244900015;2020;valeur;22;;locataires;Aldev, rapports d'activité;RA 2020;
IMM04;EPCI244900015;2021;valeur;12;;locataires;Aldev, rapports d'activité;RA 2021;
IMM04;EPCI244900015;2022;valeur;12;;locataires;Aldev, rapports d'activité;RA 2022;
IMM04;EPCI244900015;2023;valeur;16;;locataires;Aldev, rapports d'activité;RA 2023;
IMM04;EPCI244900015;2024;valeur;13;;locataires;Aldev, rapports d'activité;RA 2024;
IMM04;EPCI244900015;2025;valeur;8;;locataires;Aldev, rapports d'activité;RA 2025;
IMM05;EPCI244900015;2019;valeur;3099;;m²;Aldev, rapports d'activité;RA 2019;
IMM05;EPCI244900015;2020;valeur;6033;;m²;Aldev, rapports d'activité;RA 2020;
IMM05;EPCI244900015;2021;valeur;4653;;m²;Aldev, rapports d'activité;RA 2021;
IMM05;EPCI244900015;2022;valeur;2886;;m²;Aldev, rapports d'activité;RA 2022;
IMM05;EPCI244900015;2023;valeur;2432;;m²;Aldev, rapports d'activité;RA 2023;
IMM05;EPCI244900015;2024;valeur;2765;;m²;Aldev, rapports d'activité;RA 2024;
IMM05;EPCI244900015;2025;valeur;2218;;m²;Aldev, rapports d'activité;RA 2025;
IMM06;EPCI244900015;2019;valeur;3360;;k€;Aldev, rapports d'activité;RA 2019;
IMM06;EPCI244900015;2020;valeur;3399;;k€;Aldev, rapports d'activité;RA 2020;
IMM06;EPCI244900015;2021;valeur;3520;;k€;Aldev, rapports d'activité;RA 2021;
IMM06;EPCI244900015;2022;valeur;3650;;k€;Aldev, rapports d'activité;RA 2022;
IMM06;EPCI244900015;2023;valeur;3360;;k€;Aldev, rapports d'activité;RA 2023;
IMM06;EPCI244900015;2024;valeur;3430;;k€;Aldev, rapports d'activité;RA 2024;
IMM06;EPCI244900015;2025;valeur;3480;;k€;Aldev, rapports d'activité;RA 2025;
IMM07;EPCI244900015;2019;valeur;19;;parcelles;Aldev, rapports d'activité;RA 2019;
IMM07;EPCI244900015;2020;valeur;12;;parcelles;Aldev, rapports d'activité;RA 2020;
IMM07;EPCI244900015;2021;valeur;15;;parcelles;Aldev, rapports d'activité;RA 2021;
IMM07;EPCI244900015;2022;valeur;26;;parcelles;Aldev, rapports d'activité;RA 2022;
IMM07;EPCI244900015;2023;valeur;11;;parcelles;Aldev, rapports d'activité;RA 2023;
IMM07;EPCI244900015;2024;valeur;7;;parcelles;Aldev, rapports d'activité;RA 2024;
IMM07;EPCI244900015;2025;valeur;9;;parcelles;Aldev, rapports d'activité;RA 2025;
IMM08;EPCI244900015;2019;valeur;271392;;m²;Aldev, rapports d'activité;RA 2019;
IMM08;EPCI244900015;2020;valeur;120801;;m²;Aldev, rapports d'activité;RA 2020;
IMM08;EPCI244900015;2021;valeur;106209;;m²;Aldev, rapports d'activité;RA 2021;
IMM08;EPCI244900015;2022;valeur;188821;;m²;Aldev, rapports d'activité;RA 2022;
IMM08;EPCI244900015;2023;valeur;96539;;m²;Aldev, rapports d'activité;RA 2023;
IMM08;EPCI244900015;2024;valeur;34726;;m²;Aldev, rapports d'activité;RA 2024;
IMM08;EPCI244900015;2025;valeur;208555;;m²;Aldev, rapports d'activité;RA 2025;
IMM09;EPCI244900015;2019;valeur;6730;;k€;Aldev, rapports d'activité;RA 2019;
IMM09;EPCI244900015;2020;valeur;3230;;k€;Aldev, rapports d'activité;RA 2020;
IMM09;EPCI244900015;2021;valeur;3570;;k€;Aldev, rapports d'activité;RA 2021;
IMM09;EPCI244900015;2022;valeur;6610;;k€;Aldev, rapports d'activité;RA 2022;
IMM09;EPCI244900015;2023;valeur;3280;;k€;Aldev, rapports d'activité;RA 2023;
IMM09;EPCI244900015;2024;valeur;1010;;k€;Aldev, rapports d'activité;RA 2024;
IMM09;EPCI244900015;2025;valeur;7680;;k€;Aldev, rapports d'activité;RA 2025;
IMM10;EPCI244900015;2019;valeur;12;;compromis;Aldev, rapports d'activité;RA 2019;
IMM10;EPCI244900015;2020;valeur;15;;compromis;Aldev, rapports d'activité;RA 2020;
IMM10;EPCI244900015;2021;valeur;24;;compromis;Aldev, rapports d'activité;RA 2021;
IMM10;EPCI244900015;2022;valeur;16;;compromis;Aldev, rapports d'activité;RA 2022;
IMM10;EPCI244900015;2023;valeur;10;;compromis;Aldev, rapports d'activité;RA 2023;
IMM10;EPCI244900015;2024;valeur;11;;compromis;Aldev, rapports d'activité;RA 2024;
IMM10;EPCI244900015;2025;valeur;8;;compromis;Aldev, rapports d'activité;RA 2025;
IMM11;EPCI244900015;2019;valeur;172628;;m²;Aldev, rapports d'activité;RA 2019;
IMM11;EPCI244900015;2020;valeur;252836;;m²;Aldev, rapports d'activité;RA 2020;
IMM11;EPCI244900015;2021;valeur;387262;;m²;Aldev, rapports d'activité;RA 2021;
IMM11;EPCI244900015;2022;valeur;380205;;m²;Aldev, rapports d'activité;RA 2022;
IMM11;EPCI244900015;2023;valeur;290198;;m²;Aldev, rapports d'activité;RA 2023;
IMM11;EPCI244900015;2024;valeur;176006;;m²;Aldev, rapports d'activité;RA 2024;
IMM11;EPCI244900015;2025;valeur;61126;;m²;Aldev, rapports d'activité;RA 2025;
IMM12;EPCI244900015;2019;valeur;5110;;k€;Aldev, rapports d'activité;RA 2019;
IMM12;EPCI244900015;2020;valeur;8740;;k€;Aldev, rapports d'activité;RA 2020;
IMM12;EPCI244900015;2021;valeur;13100;;k€;Aldev, rapports d'activité;RA 2021;
IMM12;EPCI244900015;2022;valeur;11570;;k€;Aldev, rapports d'activité;RA 2022;
IMM12;EPCI244900015;2023;valeur;9680;;k€;Aldev, rapports d'activité;RA 2023;
IMM12;EPCI244900015;2024;valeur;6930;;k€;Aldev, rapports d'activité;RA 2024;
IMM12;EPCI244900015;2025;valeur;3430;;k€;Aldev, rapports d'activité;RA 2025;
IMM13;EPCI244900015;2019;valeur;5;;biens;Aldev, rapports d'activité;RA 2019;
IMM13;EPCI244900015;2020;valeur;5;;biens;Aldev, rapports d'activité;RA 2020;
IMM13;EPCI244900015;2021;valeur;3;;biens;Aldev, rapports d'activité;RA 2021;
IMM13;EPCI244900015;2022;valeur;3;;biens;Aldev, rapports d'activité;RA 2022;
IMM13;EPCI244900015;2025;valeur;1;;biens;Aldev, rapports d'activité;RA 2025;
IMM14;EPCI244900015;2019;valeur;3693;;m²;Aldev, rapports d'activité;RA 2019;
IMM14;EPCI244900015;2020;valeur;9696;;m²;Aldev, rapports d'activité;RA 2020;
IMM14;EPCI244900015;2021;valeur;3520;;m²;Aldev, rapports d'activité;RA 2021;
IMM14;EPCI244900015;2022;valeur;3704;;m²;Aldev, rapports d'activité;RA 2022;
IMM14;EPCI244900015;2025;valeur;1285;;m²;Aldev, rapports d'activité;RA 2025;
IMM15;EPCI244900015;2019;valeur;3010;;k€;Aldev, rapports d'activité;RA 2019;
IMM15;EPCI244900015;2020;valeur;5250;;k€;Aldev, rapports d'activité;RA 2020;
IMM15;EPCI244900015;2021;valeur;1970;;k€;Aldev, rapports d'activité;RA 2021;
IMM15;EPCI244900015;2022;valeur;1680;;k€;Aldev, rapports d'activité;RA 2022;
IMM15;EPCI244900015;2025;valeur;750;;k€;Aldev, rapports d'activité;RA 2025;
INS01;EPCI244900015;2019;valeur;264900;;heures;Aldev, rapports d'activité;RA 2019;
INS01;EPCI244900015;2020;valeur;237307;;heures;Aldev, rapports d'activité;RA 2020;
INS01;EPCI244900015;2021;valeur;305339;;heures;Aldev, rapports d'activité;RA 2021;
INS01;EPCI244900015;2022;valeur;403703;;heures;Aldev, rapports d'activité;RA 2022;
INS01;EPCI244900015;2023;valeur;386290;;heures;Aldev, rapports d'activité;RA 2023;
INS01;EPCI244900015;2024;valeur;426561;;heures;Aldev, rapports d'activité;RA 2024;
INS01;EPCI244900015;2025;valeur;514325;;heures;Aldev, rapports d'activité;RA 2025;
INS02;EPCI244900015;2019;valeur;723;;personnes;Aldev, rapports d'activité;RA 2019;
INS02;EPCI244900015;2020;valeur;813;;personnes;Aldev, rapports d'activité;RA 2020;
INS02;EPCI244900015;2021;valeur;908;;personnes;Aldev, rapports d'activité;RA 2021;
INS02;EPCI244900015;2022;valeur;1033;;personnes;Aldev, rapports d'activité;RA 2022;
INS02;EPCI244900015;2023;valeur;1027;;personnes;Aldev, rapports d'activité;RA 2023;
INS02;EPCI244900015;2024;valeur;1183;;personnes;Aldev, rapports d'activité;RA 2024;
INS02;EPCI244900015;2025;valeur;1350;;personnes;Aldev, rapports d'activité;RA 2025;
INS03;EPCI244900015;2019;valeur;994;;contrats;Aldev, rapports d'activité;RA 2019;
INS03;EPCI244900015;2020;valeur;994;;contrats;Aldev, rapports d'activité;RA 2020;
INS03;EPCI244900015;2021;valeur;1233;;contrats;Aldev, rapports d'activité;RA 2021;
INS03;EPCI244900015;2022;valeur;554;;contrats;Aldev, rapports d'activité;RA 2022;
INS03;EPCI244900015;2023;valeur;1291;;contrats;Aldev, rapports d'activité;RA 2023;
INS03;EPCI244900015;2024;valeur;1534;;contrats;Aldev, rapports d'activité;RA 2024;
INS03;EPCI244900015;2025;valeur;1731;;contrats;Aldev, rapports d'activité;RA 2025;
INS04;EPCI244900015;2019;valeur;249;;entreprises;Aldev, rapports d'activité;RA 2019;
INS04;EPCI244900015;2020;valeur;220;;entreprises;Aldev, rapports d'activité;RA 2020;
INS04;EPCI244900015;2021;valeur;234;;entreprises;Aldev, rapports d'activité;RA 2021;
INS04;EPCI244900015;2022;valeur;302;;entreprises;Aldev, rapports d'activité;RA 2022;
INS04;EPCI244900015;2023;valeur;241;;entreprises;Aldev, rapports d'activité;RA 2023;
INS04;EPCI244900015;2024;valeur;228;;entreprises;Aldev, rapports d'activité;RA 2024;
INS04;EPCI244900015;2025;valeur;333;;entreprises;Aldev, rapports d'activité;RA 2025;
INS05;EPCI244900015;2019;valeur;24;;structures;Aldev, rapports d'activité;RA 2019;
INS05;EPCI244900015;2020;valeur;27;;structures;Aldev, rapports d'activité;RA 2020;
INS05;EPCI244900015;2021;valeur;36;;structures;Aldev, rapports d'activité;RA 2021;
INS05;EPCI244900015;2022;valeur;31;;structures;Aldev, rapports d'activité;RA 2022;
INS05;EPCI244900015;2023;valeur;13;;structures;Aldev, rapports d'activité;RA 2023;
INS05;EPCI244900015;2024;valeur;20;;structures;Aldev, rapports d'activité;RA 2024;
INS05;EPCI244900015;2025;valeur;42;;structures;Aldev, rapports d'activité;RA 2025;
RSE01;EPCI244900015;2023;valeur;7;;projets;Aldev, rapports d'activité;RA 2023;
RSE01;EPCI244900015;2024;valeur;5;;projets;Aldev, rapports d'activité;RA 2024;
RSE01;EPCI244900015;2025;valeur;7;;projets;Aldev, rapports d'activité;RA 2025;
RSE02;EPCI244900015;2023;valeur;38;;mécènes;Aldev, rapports d'activité;RA 2023;
RSE02;EPCI244900015;2024;valeur;39;;mécènes;Aldev, rapports d'activité;RA 2024;
RSE02;EPCI244900015;2025;valeur;49;;mécènes;Aldev, rapports d'activité;RA 2025;
RSE03;EPCI244900015;2023;valeur;328;;k€;Aldev, rapports d'activité;RA 2023;
RSE03;EPCI244900015;2024;valeur;236;;k€;Aldev, rapports d'activité;RA 2024;
RSE03;EPCI244900015;2025;valeur;331;;k€;Aldev, rapports d'activité;RA 2025;
RSE04;EPCI244900015;2023;valeur;60;;heures;Aldev, rapports d'activité;RA 2023;
RSE05;EPCI244900015;2024;valeur;56.25;;/100;Aldev, rapports d'activité;RA 2024;
RSE05;EPCI244900015;2025;valeur;55;;/100;Aldev, rapports d'activité;RA 2025;
